Workbook

Sheet Line Ratings (2)
E2: FAC-008-3 Transmission Lines | I2: OPCO: PSC | L2: VALIDATION STATUS: VALID | R2: OWNERSHIP: Jointly Owned,Xcel Owned
I3: BES: Y | L3: LIFE CYCLE STATUS: AS BUILT
B5: FACILITY DESIGNATION | C5: LINE NAME | D5: FROM SUB | E5: FROM SUB OWNER | F5: TO SUB | G5: TO SUB OWNER | H5: FROM PSSE | I5: TO PSSE | J5: FACILITY OWNERSHIP | K5: EQUIP NAME | L5: EQUIP TYPE | M5: EQUIP LOCATION | N5: SN (AMPS) | O5: SE (AMPS) | P5: WN (AMPS) | Q5: WE (AMPS) | R5: SN (MVA) | S5: SE (MVA) | T5: WN (MVA) | U5: WE (MVA) | V5: COMMENTS
B6: MTHR-HAYD-138.0-1 | C6: 3003 | D6: MT. HARRIS SUBSTATION | E6: XCEL | F6: HAYDEN (WAPA) | G6: FOREIGN | H6: 70525 | I6: 79038 | J6: Xcel Owned | K6: MTHR-HAYD-138.0-1 | L6: FACILITY | N6: 301 | O6: 301 | P6: 301 | Q6: 301 | R6: 72 | S6: 72 | T6: 72 | U6: 72
B7: MTHR-HAYD-138.0-1 | C7: 3003 | D7: MT. HARRIS SUBSTATION | E7: XCEL | F7: HAYDEN (WAPA) | G7: FOREIGN | H7: 70525 | I7: 79038 | J7: Xcel Owned | K7: Foreign Ratings | L7: Foreign Ratings | M7: HAYD | N7: 301 | O7: 301 | P7: 301 | Q7: 301 | R7: 72 | S7: 72 | T7: 72 | U7: 72
B8: UTER-RIFL-230.0-1 | C8: 3007 | D8: RIFLE UTE 230/345KV SUBSTATION | E8: XCEL | F8: RIFLE (WAPA) | G8: FOREIGN | H8: 79057 | I8: 79059 | J8: Jointly Owned | K8: UTER-RIFL-230.0-1 | L8: FACILITY | N8: 1200 | O8: 1200 | P8: 1200 | Q8: 1200 | R8: 478 | S8: 478 | T8: 478 | U8: 478
B9: UTER-RIFL-230.0-1 | C9: 3007 | D9: RIFLE UTE 230/345KV SUBSTATION | E9: XCEL | F9: RIFLE (WAPA) | G9: FOREIGN | H9: 79057 | I9: 79059 | J9: Jointly Owned | K9: Foreign Ratings | L9: Foreign Ratings | M9: RIFL | N9: 1200 | O9: 1200 | P9: 1200 | Q9: 1200 | R9: 478 | S9: 478 | T9: 478 | U9: 478
B10: COLL-UTER-138.0-1 | C10: 3014 | D10: COLLBRAN SUBSTATION | E10: XCEL | F10: RIFLE UTE 230/345KV SUBSTATION | G10: XCEL | H10: 79047 | I10: 79056 | J10: Jointly Owned | K10: COLL-UTER-138.0-1 | L10: FACILITY | N10: 300 | O10: 300 | P10: 300 | Q10: 300 | R10: 72 | S10: 72 | T10: 72 | U10: 72
B11: COLL-UTER-138.0-1 | C11: 3014 | D11: COLLBRAN SUBSTATION | E11: XCEL | F11: RIFLE UTE 230/345KV SUBSTATION | G11: XCEL | H11: 79047 | I11: 79056 | J11: Jointly Owned | K11: C821 135Y | L11: CURRENT_TRANSFORMER | M11: COLL | N11: 300 | O11: 300 | P11: 300 | Q11: 300 | R11: 72 | S11: 72 | T11: 72 | U11: 72
B12: COLL-UTER-138.0-1 | C12: 3014 | D12: COLLBRAN SUBSTATION | E12: XCEL | F12: RIFLE UTE 230/345KV SUBSTATION | G12: XCEL | H12: 79047 | I12: 79056 | J12: Jointly Owned | K12: C821 KWH IN/OUT | L12: SECONDARY_CURRENT_LIMITATION | M12: COLL | N12: 300 | O12: 300 | P12: 300 | Q12: 300 | R12: 72 | S12: 72 | T12: 72 | U12: 72
B13: UTEG-COLL-138.0-1 | C13: 3015 | D13: UTE GRAND JUNCTION SUBSTATION | E13: XCEL | F13: COLLBRAN SUBSTATION | G13: XCEL | H13: 79035 | I13: 79047 | J13: Xcel Owned | K13: UTEG-COLL-138.0-1 | L13: FACILITY | N13: 400 | O13: 400 | P13: 400 | Q13: 400 | R13: 96 | S13: 96 | T13: 96 | U13: 96
B14: UTEG-COLL-138.0-1 | C14: 3015 | D14: UTE GRAND JUNCTION SUBSTATION | E14: XCEL | F14: COLLBRAN SUBSTATION | G14: XCEL | H14: 79035 | I14: 79047 | J14: Xcel Owned | K14: C841 135Y | L14: CURRENT_TRANSFORMER | M14: COLL | N14: 400 | O14: 400 | P14: 400 | Q14: 400 | R14: 96 | S14: 96 | T14: 96 | U14: 96
B15: UTEG-COLL-138.0-1 | C15: 3015 | D15: UTE GRAND JUNCTION SUBSTATION | E15: XCEL | F15: COLLBRAN SUBSTATION | G15: XCEL | H15: 79035 | I15: 79047 | J15: Xcel Owned | K15: C841 135X | L15: CURRENT_TRANSFORMER | M15: COLL | N15: 400 | O15: 400 | P15: 400 | Q15: 400 | R15: 96 | S15: 96 | T15: 96 | U15: 96
B16: CABI-LOOK-230.0-1 | C16: 5003 | D16: CABIN CREEK HYDRO SUBSTATION | E16: XCEL | F16: LOOKOUT SUBSTATION | G16: XCEL | H16: 70072 | I16: 70266 | J16: Xcel Owned | K16: CABI-LOOK-230.0-1 | L16: FACILITY | N16: 1200 | O16: 1200 | P16: 1200 | Q16: 1200 | R16: 478 | S16: 478 | T16: 478 | U16: 478
B17: CABI-LOOK-230.0-1 | C17: 5003 | D17: CABIN CREEK HYDRO SUBSTATION | E17: XCEL | F17: LOOKOUT SUBSTATION | G17: XCEL | H17: 70072 | I17: 70266 | J17: Xcel Owned | K17: 5003 METER VAR | L17: SECONDARY_CURRENT_LIMITATION | M17: LOOK | N17: 1200 | O17: 1200 | P17: 1200 | Q17: 1200 | R17: 478 | S17: 478 | T17: 478 | U17: 478
B18: CABI-LOOK-230.0-1 | C18: 5003 | D18: CABIN CREEK HYDRO SUBSTATION | E18: XCEL | F18: LOOKOUT SUBSTATION | G18: XCEL | H18: 70072 | I18: 70266 | J18: Xcel Owned | K18: 5003 METER VAR | L18: SECONDARY_CURRENT_LIMITATION | M18: CABI | N18: 1200 | O18: 1200 | P18: 1200 | Q18: 1200 | R18: 478 | S18: 478 | T18: 478 | U18: 478
B19: CABI-LOOK-230.0-1 | C19: 5003 | D19: CABIN CREEK HYDRO SUBSTATION | E19: XCEL | F19: LOOKOUT SUBSTATION | G19: XCEL | H19: 70072 | I19: 70266 | J19: Xcel Owned | K19: 5003 METER W | L19: SECONDARY_CURRENT_LIMITATION | M19: CABI | N19: 1200 | O19: 1200 | P19: 1200 | Q19: 1200 | R19: 478 | S19: 478 | T19: 478 | U19: 478
B20: CABI-LOOK-230.0-1 | C20: 5003 | D20: CABIN CREEK HYDRO SUBSTATION | E20: XCEL | F20: LOOKOUT SUBSTATION | G20: XCEL | H20: 70072 | I20: 70266 | J20: Xcel Owned | L20: LINE_TRAP | M20: LOOK | N20: 1200 | O20: 1200 | P20: 1248 | Q20: 1248 | R20: 478 | S20: 478 | T20: 497 | U20: 497
B21: CABI-IDAH-230.0-1 | C21: 5005 | D21: CABIN CREEK HYDRO SUBSTATION | E21: XCEL | F21: IDAHO SPRINGS SUBSTATION | G21: XCEL | H21: 70072 | I21: 70237 | J21: Xcel Owned | K21: CABI-IDAH-230.0-1 | L21: FACILITY | N21: 1188 | O21: 1394 | P21: 1422 | Q21: 1583 | R21: 473 | S21: 555 | T21: 567 | U21: 631
B22: CABI-IDAH-230.0-1 | C22: 5005 | D22: CABIN CREEK HYDRO SUBSTATION | E22: XCEL | F22: IDAHO SPRINGS SUBSTATION | G22: XCEL | H22: 70072 | I22: 70237 | J22: Xcel Owned | K22: Narcissus | L22: BUSBAR_SECTION | M22: IDAH | N22: 1188 | O22: 1394 | P22: 1422 | Q22: 1590 | R22: 473 | S22: 555 | T22: 567 | U22: 633
B23: CABI-IDAH-230.0-1 | C23: 5005 | D23: CABIN CREEK HYDRO SUBSTATION | E23: XCEL | F23: IDAHO SPRINGS SUBSTATION | G23: XCEL | H23: 70072 | I23: 70237 | J23: Xcel Owned | K23: CABI-IDAH-230.0-1 | L23: Transmission Line | M23: 5005 | N23: 1284 | O23: 1413 | P23: 1439 | Q23: 1583 | R23: 512 | S23: 563 | T23: 573 | U23: 631
B24: IDAH-LOOK-230.0-1 | C24: 5005 | D24: IDAHO SPRINGS SUBSTATION | E24: XCEL | F24: LOOKOUT SUBSTATION | G24: XCEL | H24: 70237 | I24: 70266 | J24: Xcel Owned | K24: IDAH-LOOK-230.0-1 | L24: FACILITY | N24: 1188 | O24: 1200 | P24: 1200 | Q24: 1200 | R24: 473 | S24: 478 | T24: 478 | U24: 478
B25: IDAH-LOOK-230.0-1 | C25: 5005 | D25: IDAHO SPRINGS SUBSTATION | E25: XCEL | F25: LOOKOUT SUBSTATION | G25: XCEL | H25: 70237 | I25: 70266 | J25: Xcel Owned | K25: Narcissus | L25: BUSBAR_SECTION | M25: IDAH | N25: 1188 | O25: 1394 | P25: 1422 | Q25: 1590 | R25: 473 | S25: 555 | T25: 567 | U25: 633
B26: IDAH-LOOK-230.0-1 | C26: 5005 | D26: IDAHO SPRINGS SUBSTATION | E26: XCEL | F26: LOOKOUT SUBSTATION | G26: XCEL | H26: 70237 | I26: 70266 | J26: Xcel Owned | K26: 5005 METER VAR | L26: SECONDARY_CURRENT_LIMITATION | M26: LOOK | N26: 1200 | O26: 1200 | P26: 1200 | Q26: 1200 | R26: 478 | S26: 478 | T26: 478 | U26: 478
B27: IDAH-LOOK-230.0-1 | C27: 5005 | D27: IDAHO SPRINGS SUBSTATION | E27: XCEL | F27: LOOKOUT SUBSTATION | G27: XCEL | H27: 70237 | I27: 70266 | J27: Xcel Owned | L27: LINE_TRAP | M27: LOOK | N27: 1200 | O27: 1200 | P27: 1248 | Q27: 1248 | R27: 478 | S27: 478 | T27: 497 | U27: 497
B28: CABI-DILL-230.0-1 | C28: 5007 | D28: CABIN CREEK HYDRO SUBSTATION | E28: XCEL | F28: DILLON SUBSTATION | G28: XCEL | H28: 70072 | I28: 70156 | J28: Xcel Owned | K28: CABI-DILL-230.0-1 | L28: FACILITY | N28: 1591 | O28: 1591 | P28: 1664 | Q28: 1664 | R28: 634 | S28: 634 | T28: 663 | U28: 663
B29: CABI-DILL-230.0-1 | C29: 5007 | D29: CABIN CREEK HYDRO SUBSTATION | E29: XCEL | F29: DILLON SUBSTATION | G29: XCEL | H29: 70072 | I29: 70156 | J29: Xcel Owned | K29: CABI-DILL-230.0-1 | L29: Transmission Line | M29: 5007 | N29: 1591 | O29: 1591 | P29: 1891 | Q29: 1891 | R29: 634 | S29: 634 | T29: 753 | U29: 753
B30: CABI-DILL-230.0-1 | C30: 5007 | D30: CABIN CREEK HYDRO SUBSTATION | E30: XCEL | F30: DILLON SUBSTATION | G30: XCEL | H30: 70072 | I30: 70156 | J30: Xcel Owned | L30: LINE_TRAP | M30: DILL | N30: 1600 | O30: 1600 | P30: 1664 | Q30: 1664 | R30: 637 | S30: 637 | T30: 663 | U30: 663
B31: RUSS-CHER-230.0-1 | C31: 5021 | D31: RUSSELL SUBSTATION | E31: XCEL | F31: CHEROKEE SWITCHYARD SUBSTATION | G31: XCEL | H31: 70369 | I31: 70107 | J31: Xcel Owned | K31: RUSS-CHER-230.0-1 | L31: FACILITY | N31: 944 | O31: 1038 | P31: 1152 | Q31: 1267 | R31: 376 | S31: 414 | T31: 459 | U31: 505
B32: RUSS-CHER-230.0-1 | C32: 5021 | D32: RUSSELL SUBSTATION | E32: XCEL | F32: CHEROKEE SWITCHYARD SUBSTATION | G32: XCEL | H32: 70369 | I32: 70107 | J32: Xcel Owned | K32: RUSS-CHER-230.0-1 | L32: Transmission Line | M32: 5021 | N32: 944 | O32: 1038 | P32: 1152 | Q32: 1267 | R32: 376 | S32: 414 | T32: 459 | U32: 505
B33: RUSS-RIDG-230.0-1 | C33: 5021 | D33: RUSSELL SUBSTATION | E33: XCEL | F33: RIDGE SUBSTATION | G33: XCEL | H33: 70369 | I33: 70355 | J33: Xcel Owned | K33: RUSS-RIDG-230.0-1 | L33: FACILITY | N33: 944 | O33: 1038 | P33: 1152 | Q33: 1200 | R33: 376 | S33: 414 | T33: 459 | U33: 478
B34: RUSS-RIDG-230.0-1 | C34: 5021 | D34: RUSSELL SUBSTATION | E34: XCEL | F34: RIDGE SUBSTATION | G34: XCEL | H34: 70369 | I34: 70355 | J34: Xcel Owned | K34: RUSS-RIDG-230.0-1 | L34: Transmission Line | M34: 5021 | N34: 944 | O34: 1038 | P34: 1152 | Q34: 1267 | R34: 376 | S34: 414 | T34: 459 | U34: 505
B35: RUSS-RIDG-230.0-1 | C35: 5021 | D35: RUSSELL SUBSTATION | E35: XCEL | F35: RIDGE SUBSTATION | G35: XCEL | H35: 70369 | I35: 70355 | J35: Xcel Owned | K35: L5021 METER VAR | L35: SECONDARY_CURRENT_LIMITATION | M35: RIDG | N35: 1200 | O35: 1200 | P35: 1200 | Q35: 1200 | R35: 478 | S35: 478 | T35: 478 | U35: 478
B36: CHAT-WATE-230.0-1 | C36: 5023 | D36: CHATFIELD SUBSTATION | E36: XCEL | F36: WATERTON SUBSTATION | G36: XCEL | H36: 70100 | I36: 70464 | J36: Xcel Owned | K36: CHAT-WATE-230.0-1 | L36: FACILITY | N36: 1214 | O36: 1397 | P36: 1447 | Q36: 1592 | R36: 483 | S36: 557 | T36: 576 | U36: 634
B37: CHAT-WATE-230.0-1 | C37: 5023 | D37: CHATFIELD SUBSTATION | E37: XCEL | F37: WATERTON SUBSTATION | G37: XCEL | H37: 70100 | I37: 70464 | J37: Xcel Owned | K37: Narcissus | L37: BUSBAR_SECTION | M37: CHAT | N37: 1214 | O37: 1420 | P37: 1450 | Q37: 1619 | R37: 483 | S37: 566 | T37: 578 | U37: 645
B38: CHAT-WATE-230.0-1 | C38: 5023 | D38: CHATFIELD SUBSTATION | E38: XCEL | F38: WATERTON SUBSTATION | G38: XCEL | H38: 70100 | I38: 70464 | J38: Xcel Owned | K38: CHAT-WATE-230.0-1 | L38: Transmission Line | M38: 5023 | N38: 1270 | O38: 1397 | P38: 1447 | Q38: 1592 | R38: 506 | S38: 557 | T38: 576 | U38: 634
B39: SODA-CHAT-230.0-1 | C39: 5023 | D39: SODA LAKES SUBSTATION | E39: XCEL | F39: CHATFIELD SUBSTATION | G39: XCEL | H39: 70018 | I39: 70100 | J39: Xcel Owned | K39: SODA-CHAT-230.0-1 | L39: FACILITY | N39: 1214 | O39: 1397 | P39: 1447 | Q39: 1592 | R39: 483 | S39: 557 | T39: 576 | U39: 634
B40: SODA-CHAT-230.0-1 | C40: 5023 | D40: SODA LAKES SUBSTATION | E40: XCEL | F40: CHATFIELD SUBSTATION | G40: XCEL | H40: 70018 | I40: 70100 | J40: Xcel Owned | K40: Narcissus | L40: BUSBAR_SECTION | M40: CHAT | N40: 1214 | O40: 1420 | P40: 1450 | Q40: 1619 | R40: 483 | S40: 566 | T40: 578 | U40: 645
B41: SODA-CHAT-230.0-1 | C41: 5023 | D41: SODA LAKES SUBSTATION | E41: XCEL | F41: CHATFIELD SUBSTATION | G41: XCEL | H41: 70018 | I41: 70100 | J41: Xcel Owned | K41: SODA-CHAT-230.0-1 | L41: Transmission Line | M41: 5023 | N41: 1270 | O41: 1397 | P41: 1447 | Q41: 1592 | R41: 506 | S41: 557 | T41: 576 | U41: 634
B42: LOOK-PLEN-230.0-1 | C42: 5025 | D42: LOOKOUT SUBSTATION | E42: XCEL | F42: PLAINS END SWITCHING STATION | G42: XCEL | H42: 70266 | I42: 70570 | J42: Xcel Owned | K42: LOOK-PLEN-230.0-1 | L42: FACILITY | N42: 1166 | O42: 1200 | P42: 1200 | Q42: 1200 | R42: 465 | S42: 478 | T42: 478 | U42: 478
B43: LOOK-PLEN-230.0-1 | C43: 5025 | D43: LOOKOUT SUBSTATION | E43: XCEL | F43: PLAINS END SWITCHING STATION | G43: XCEL | H43: 70266 | I43: 70570 | J43: Xcel Owned | K43: LOOK-PLEN-230.0-1 | L43: Transmission Line | M43: 5025 | N43: 1166 | O43: 1282 | P43: 1360 | Q43: 1496 | R43: 465 | S43: 511 | T43: 542 | U43: 596
B44: LOOK-PLEN-230.0-1 | C44: 5025 | D44: LOOKOUT SUBSTATION | E44: XCEL | F44: PLAINS END SWITCHING STATION | G44: XCEL | H44: 70266 | I44: 70570 | J44: Xcel Owned | K44: 5025 METER VAR | L44: SECONDARY_CURRENT_LIMITATION | M44: LOOK | N44: 1200 | O44: 1200 | P44: 1200 | Q44: 1200 | R44: 478 | S44: 478 | T44: 478 | U44: 478
B45: LOOK-PLEN-230.0-2 | C45: 5027 | D45: LOOKOUT SUBSTATION | E45: XCEL | F45: PLAINS END SWITCHING STATION | G45: XCEL | H45: 70266 | I45: 70570 | J45: Xcel Owned | K45: LOOK-PLEN-230.0-2 | L45: FACILITY | N45: 1334 | O45: 1467 | P45: 1500 | Q45: 1650 | R45: 531 | S45: 584 | T45: 598 | U45: 657
B46: LOOK-PLEN-230.0-2 | C46: 5027 | D46: LOOKOUT SUBSTATION | E46: XCEL | F46: PLAINS END SWITCHING STATION | G46: XCEL | H46: 70266 | I46: 70570 | J46: Xcel Owned | K46: LOOK-PLEN-230.0-2 | L46: Transmission Line | M46: 5027 | N46: 1334 | O46: 1467 | P46: 1500 | Q46: 1650 | R46: 531 | S46: 584 | T46: 598 | U46: 657
B47: LOOK-RIDG-230.0-1 | C47: 5029 | D47: LOOKOUT SUBSTATION | E47: XCEL | F47: RIDGE SUBSTATION | G47: XCEL | H47: 70266 | I47: 70355 | J47: Xcel Owned | K47: LOOK-RIDG-230.0-1 | L47: FACILITY | N47: 900 | O47: 990 | P47: 1157 | Q47: 1200 | R47: 359 | S47: 394 | T47: 461 | U47: 478
B48: LOOK-RIDG-230.0-1 | C48: 5029 | D48: LOOKOUT SUBSTATION | E48: XCEL | F48: RIDGE SUBSTATION | G48: XCEL | H48: 70266 | I48: 70355 | J48: Xcel Owned | K48: LOOK-RIDG-230.0-1 | L48: Transmission Line | M48: 5029 | N48: 900 | O48: 990 | P48: 1157 | Q48: 1273 | R48: 359 | S48: 394 | T48: 461 | U48: 507
B49: LOOK-RIDG-230.0-1 | C49: 5029 | D49: LOOKOUT SUBSTATION | E49: XCEL | F49: RIDGE SUBSTATION | G49: XCEL | H49: 70266 | I49: 70355 | J49: Xcel Owned | K49: L5029 METER VAR | L49: SECONDARY_CURRENT_LIMITATION | M49: RIDG | N49: 1200 | O49: 1200 | P49: 1200 | Q49: 1200 | R49: 478 | S49: 478 | T49: 478 | U49: 478
B50: LOOK-RIDG-230.0-1 | C50: 5029 | D50: LOOKOUT SUBSTATION | E50: XCEL | F50: RIDGE SUBSTATION | G50: XCEL | H50: 70266 | I50: 70355 | J50: Xcel Owned | K50: 5029 METER VAR | L50: SECONDARY_CURRENT_LIMITATION | M50: LOOK | N50: 1200 | O50: 1200 | P50: 1200 | Q50: 1200 | R50: 478 | S50: 478 | T50: 478 | U50: 478
B51: FLUP-HNLK-230.0-1 | C51: 5047 | D51: FORT LUPTON SUBSTATION | E51: XCEL | F51: HENRY LAKE (Tri State) | G51: FOREIGN | H51: 70192 | I51: 70605 | J51: Xcel Owned | K51: FLUP-HNLK-230.0-1 | L51: FACILITY | N51: 1270 | O51: 1397 | P51: 1447 | Q51: 1592 | R51: 506 | S51: 557 | T51: 576 | U51: 634
B52: FLUP-HNLK-230.0-1 | C52: 5047 | D52: FORT LUPTON SUBSTATION | E52: XCEL | F52: HENRY LAKE (Tri State) | G52: FOREIGN | H52: 70192 | I52: 70605 | J52: Xcel Owned | K52: FLUP-HNLK-230.0-1 | L52: Transmission Line | M52: 5047 | N52: 1270 | O52: 1397 | P52: 1447 | Q52: 1592 | R52: 506 | S52: 557 | T52: 576 | U52: 634
B53: CHER-SISA-230.0-1 | C53: 5055 | D53: CHEROKEE SWITCHYARD SUBSTATION | E53: XCEL | F53: SILVER SADDLE SUBSTATION | G53: XCEL | H53: 70107 | I53: 70609 | J53: Xcel Owned | K53: CHER-SISA-230.0-1 | L53: FACILITY | N53: 1271 | O53: 1398 | P53: 1448 | Q53: 1593 | R53: 506 | S53: 557 | T53: 577 | U53: 635
B54: CHER-SISA-230.0-1 | C54: 5055 | D54: CHEROKEE SWITCHYARD SUBSTATION | E54: XCEL | F54: SILVER SADDLE SUBSTATION | G54: XCEL | H54: 70107 | I54: 70609 | J54: Xcel Owned | K54: CHER-SISA-230.0-1 | L54: Transmission Line | M54: 5055 | N54: 1271 | O54: 1398 | P54: 1448 | Q54: 1593 | R54: 506 | S54: 557 | T54: 577 | U54: 635
B55: CHER-LACO-230.0-1 | C55: 5057 | D55: CHEROKEE SWITCHYARD SUBSTATION | E55: XCEL | F55: LACOMBE SUBSTATION | G55: XCEL | H55: 70107 | I55: 70324 | J55: Xcel Owned | K55: CHER-LACO-230.0-1 | L55: FACILITY | N55: 1943 | O55: 2295 | P55: 2200 | Q55: 2400 | R55: 774 | S55: 914 | T55: 876 | U55: 956
B56: CHER-LACO-230.0-1 | C56: 5057 | D56: CHEROKEE SWITCHYARD SUBSTATION | E56: XCEL | F56: LACOMBE SUBSTATION | G56: XCEL | H56: 70107 | I56: 70324 | J56: Xcel Owned | K56: 2" (CU 40) | L56: BUSBAR_SECTION | M56: CHER | N56: 1943 | O56: 2295 | P56: 2340 | Q56: 2626 | R56: 774 | S56: 914 | T56: 932 | U56: 1046
B57: CHER-LACO-230.0-1 | C57: 5057 | D57: CHEROKEE SWITCHYARD SUBSTATION | E57: XCEL | F57: LACOMBE SUBSTATION | G57: XCEL | H57: 70107 | I57: 70324 | J57: Xcel Owned | K57: CHER-LACO-230.0-1 | L57: Transmission Line | M57: 5057 | N57: 2200 | O57: 2420 | P57: 2200 | Q57: 2420 | R57: 876 | S57: 964 | T57: 876 | U57: 964
B58: CHER-LACO-230.0-1 | C58: 5057 | D58: CHEROKEE SWITCHYARD SUBSTATION | E58: XCEL | F58: LACOMBE SUBSTATION | G58: XCEL | H58: 70107 | I58: 70324 | J58: Xcel Owned | K58: 5057 PKG-P | L58: SECONDARY_CURRENT_LIMITATION | M58: CHER | N58: 2400 | O58: 2400 | P58: 2400 | Q58: 2400 | R58: 956 | S58: 956 | T58: 956 | U58: 956
B59: CHER-LACO-230.0-1 | C59: 5057 | D59: CHEROKEE SWITCHYARD SUBSTATION | E59: XCEL | F59: LACOMBE SUBSTATION | G59: XCEL | H59: 70107 | I59: 70324 | J59: Xcel Owned | K59: 5057_PKG-P | L59: SECONDARY_CURRENT_LIMITATION | M59: LACO | N59: 2400 | O59: 2400 | P59: 2400 | Q59: 2400 | R59: 956 | S59: 956 | T59: 956 | U59: 956
B60: CHER-LACO-230.0-1 | C60: 5057 | D60: CHEROKEE SWITCHYARD SUBSTATION | E60: XCEL | F60: LACOMBE SUBSTATION | G60: XCEL | H60: 70107 | I60: 70324 | J60: Xcel Owned | K60: 5290 PK-2 | L60: SECONDARY_CURRENT_LIMITATION | M60: LACO | N60: 2400 | O60: 2400 | P60: 2400 | Q60: 2400 | R60: 956 | S60: 956 | T60: 956 | U60: 956
B61: CHER-LACO-230.0-1 | C61: 5057 | D61: CHEROKEE SWITCHYARD SUBSTATION | E61: XCEL | F61: LACOMBE SUBSTATION | G61: XCEL | H61: 70107 | I61: 70324 | J61: Xcel Owned | K61: 5057 PK-2 | L61: SECONDARY_CURRENT_LIMITATION | M61: LACO | N61: 2400 | O61: 2400 | P61: 2400 | Q61: 2400 | R61: 956 | S61: 956 | T61: 956 | U61: 956
B62: CHER-LACO-230.0-1 | C62: 5057 | D62: CHEROKEE SWITCHYARD SUBSTATION | E62: XCEL | F62: LACOMBE SUBSTATION | G62: XCEL | H62: 70107 | I62: 70324 | J62: Xcel Owned | K62: 5290 135Y | L62: CURRENT_TRANSFORMER | M62: LACO | N62: 2400 | O62: 2400 | P62: 2400 | Q62: 2400 | R62: 956 | S62: 956 | T62: 956 | U62: 956
B63: ARVA-CHER-230.0-1 | C63: 5067 | D63: ARVADA SUBSTATION | E63: XCEL | F63: CHEROKEE SWITCHYARD SUBSTATION | G63: XCEL | H63: 70041 | I63: 70107 | J63: Xcel Owned | K63: ARVA-CHER-230.0-1 | L63: FACILITY | N63: 1270 | O63: 1397 | P63: 1447 | Q63: 1592 | R63: 506 | S63: 557 | T63: 576 | U63: 634
B64: ARVA-CHER-230.0-1 | C64: 5067 | D64: ARVADA SUBSTATION | E64: XCEL | F64: CHEROKEE SWITCHYARD SUBSTATION | G64: XCEL | H64: 70041 | I64: 70107 | J64: Xcel Owned | K64: ARVA-CHER-230.0-1 | L64: Transmission Line | M64: 5067 | N64: 1270 | O64: 1397 | P64: 1447 | Q64: 1592 | R64: 506 | S64: 557 | T64: 576 | U64: 634
B65: RIDG-ARVA-230.0-1 | C65: 5067 | D65: RIDGE SUBSTATION | E65: XCEL | F65: ARVADA SUBSTATION | G65: XCEL | H65: 70355 | I65: 70041 | J65: Xcel Owned | K65: RIDG-ARVA-230.0-1 | L65: FACILITY | N65: 1270 | O65: 1397 | P65: 1447 | Q65: 1592 | R65: 506 | S65: 557 | T65: 576 | U65: 634
B66: RIDG-ARVA-230.0-1 | C66: 5067 | D66: RIDGE SUBSTATION | E66: XCEL | F66: ARVADA SUBSTATION | G66: XCEL | H66: 70355 | I66: 70041 | J66: Xcel Owned | K66: RIDG-ARVA-230.0-1 | L66: Transmission Line | M66: 5067 | N66: 1270 | O66: 1397 | P66: 1447 | Q66: 1592 | R66: 506 | S66: 557 | T66: 576 | U66: 634
B67: DANI-MARC-230.0-1 | C67: 5085 | D67: DANIELS PARK 115 & 230KV SUBSTATION | E67: XCEL | F67: MARCY SUBSTATION | G67: XCEL | H67: 70139 | I67: 70278 | J67: Xcel Owned | K67: DANI-MARC-230.0-1 | L67: FACILITY | N67: 1200 | O67: 1200 | P67: 1200 | Q67: 1200 | R67: 478 | S67: 478 | T67: 478 | U67: 478
B68: DANI-MARC-230.0-1 | C68: 5085 | D68: DANIELS PARK 115 & 230KV SUBSTATION | E68: XCEL | F68: MARCY SUBSTATION | G68: XCEL | H68: 70139 | I68: 70278 | J68: Xcel Owned | K68: TL5085 MTR AMP | L68: SECONDARY_CURRENT_LIMITATION | M68: DANI | N68: 1200 | O68: 1200 | P68: 1200 | Q68: 1200 | R68: 478 | S68: 478 | T68: 478 | U68: 478
B69: DANI-MARC-230.0-1 | C69: 5085 | D69: DANIELS PARK 115 & 230KV SUBSTATION | E69: XCEL | F69: MARCY SUBSTATION | G69: XCEL | H69: 70139 | I69: 70278 | J69: Xcel Owned | K69: TL5085 MTR WATT | L69: SECONDARY_CURRENT_LIMITATION | M69: DANI | N69: 1200 | O69: 1200 | P69: 1200 | Q69: 1200 | R69: 478 | S69: 478 | T69: 478 | U69: 478
B70: DANI-MARC-230.0-1 | C70: 5085 | D70: DANIELS PARK 115 & 230KV SUBSTATION | E70: XCEL | F70: MARCY SUBSTATION | G70: XCEL | H70: 70139 | I70: 70278 | J70: Xcel Owned | K70: TL5085 MTR VAR | L70: SECONDARY_CURRENT_LIMITATION | M70: DANI | N70: 1200 | O70: 1200 | P70: 1200 | Q70: 1200 | R70: 478 | S70: 478 | T70: 478 | U70: 478
B71: MARC-WATE-230.0-1 | C71: 5085 | D71: MARCY SUBSTATION | E71: XCEL | F71: WATERTON SUBSTATION | G71: XCEL | H71: 70278 | I71: 70464 | J71: Xcel Owned | K71: MARC-WATE-230.0-1 | L71: FACILITY | N71: 1270 | O71: 1397 | P71: 1447 | Q71: 1592 | R71: 506 | S71: 557 | T71: 576 | U71: 634
B72: MARC-WATE-230.0-1 | C72: 5085 | D72: MARCY SUBSTATION | E72: XCEL | F72: WATERTON SUBSTATION | G72: XCEL | H72: 70278 | I72: 70464 | J72: Xcel Owned | K72: MARC-WATE-230.0-1 | L72: Transmission Line | M72: 5085 | N72: 1270 | O72: 1397 | P72: 1447 | Q72: 1592 | R72: 506 | S72: 557 | T72: 576 | U72: 634
B73: ARAP-SANT_TP-230.0-1 | C73: 5107 | D73: ARAPAHOE SUBSTATION | E73: XCEL | F73: SANTA FE TAP | G73: XCEL | H73: 70038 | I73: 2122 | J73: Xcel Owned | K73: ARAP-SANT_TP-230.0-1 | L73: FACILITY | N73: 1270 | O73: 1397 | P73: 1447 | Q73: 1592 | R73: 506 | S73: 557 | T73: 576 | U73: 634
B74: ARAP-SANT_TP-230.0-1 | C74: 5107 | D74: ARAPAHOE SUBSTATION | E74: XCEL | F74: SANTA FE TAP | G74: XCEL | H74: 70038 | I74: 2122 | J74: Xcel Owned | K74: ARAP-SANT_TP-230.0-1 | L74: Transmission Line | M74: 5107 | N74: 1270 | O74: 1397 | P74: 1447 | Q74: 1592 | R74: 506 | S74: 557 | T74: 576 | U74: 634
B75: DANI-SANT-230.0-1 | C75: 5107 | D75: DANIELS PARK 115 & 230KV SUBSTATION | E75: XCEL | F75: SANTA FE SUBSTATION | G75: XCEL | H75: 70139 | I75: 70527 | J75: Xcel Owned | K75: DANI-SANT-230.0-1 | L75: FACILITY | N75: 1270 | O75: 1397 | P75: 1447 | Q75: 1592 | R75: 506 | S75: 557 | T75: 576 | U75: 634
B76: DANI-SANT-230.0-1 | C76: 5107 | D76: DANIELS PARK 115 & 230KV SUBSTATION | E76: XCEL | F76: SANTA FE SUBSTATION | G76: XCEL | H76: 70139 | I76: 70527 | J76: Xcel Owned | K76: DANI-SANT-230.0-1 | L76: Transmission Line | M76: 5107 | N76: 1270 | O76: 1397 | P76: 1447 | Q76: 1592 | R76: 506 | S76: 557 | T76: 576 | U76: 634
B77: SANT_TP-SANT-230.0-1 | C77: 5107 | D77: SANTA FE TAP | E77: XCEL | F77: SANTA FE SUBSTATION | G77: XCEL | H77: 2122 | I77: 70527 | J77: Xcel Owned | K77: SANT_TP-SANT-230.0-1 | L77: FACILITY | N77: 1270 | O77: 1397 | P77: 1447 | Q77: 1592 | R77: 506 | S77: 557 | T77: 576 | U77: 634
B78: SANT_TP-SANT-230.0-1 | C78: 5107 | D78: SANTA FE TAP | E78: XCEL | F78: SANTA FE SUBSTATION | G78: XCEL | H78: 2122 | I78: 70527 | J78: Xcel Owned | K78: SANT_TP-SANT-230.0-1 | L78: Transmission Line | M78: 5107 | N78: 1270 | O78: 1397 | P78: 1447 | Q78: 1592 | R78: 506 | S78: 557 | T78: 576 | U78: 634
B79: DANI-WATE-230.0-1 | C79: 5109 | D79: DANIELS PARK 115 & 230KV SUBSTATION | E79: XCEL | F79: WATERTON SUBSTATION | G79: XCEL | H79: 70139 | I79: 70464 | J79: Xcel Owned | K79: DANI-WATE-230.0-1 | L79: FACILITY | N79: 1200 | O79: 1200 | P79: 1200 | Q79: 1200 | R79: 478 | S79: 478 | T79: 478 | U79: 478
B80: DANI-WATE-230.0-1 | C80: 5109 | D80: DANIELS PARK 115 & 230KV SUBSTATION | E80: XCEL | F80: WATERTON SUBSTATION | G80: XCEL | H80: 70139 | I80: 70464 | J80: Xcel Owned | K80: TL5109 MTR AMP | L80: SECONDARY_CURRENT_LIMITATION | M80: DANI | N80: 1200 | O80: 1200 | P80: 1200 | Q80: 1200 | R80: 478 | S80: 478 | T80: 478 | U80: 478
B81: DANI-WATE-230.0-1 | C81: 5109 | D81: DANIELS PARK 115 & 230KV SUBSTATION | E81: XCEL | F81: WATERTON SUBSTATION | G81: XCEL | H81: 70139 | I81: 70464 | J81: Xcel Owned | K81: TL5109 MTR WATT | L81: SECONDARY_CURRENT_LIMITATION | M81: DANI | N81: 1200 | O81: 1200 | P81: 1200 | Q81: 1200 | R81: 478 | S81: 478 | T81: 478 | U81: 478
B82: DANI-WATE-230.0-1 | C82: 5109 | D82: DANIELS PARK 115 & 230KV SUBSTATION | E82: XCEL | F82: WATERTON SUBSTATION | G82: XCEL | H82: 70139 | I82: 70464 | J82: Xcel Owned | K82: TL5109 MTR VAR | L82: SECONDARY_CURRENT_LIMITATION | M82: DANI | N82: 1200 | O82: 1200 | P82: 1200 | Q82: 1200 | R82: 478 | S82: 478 | T82: 478 | U82: 478
B83: DANI-PRAI-230.0-1 | C83: 5111 | D83: DANIELS PARK 115 & 230KV SUBSTATION | E83: XCEL | F83: PRAIRIE SUBSTATION | G83: XCEL | H83: 70139 | I83: 70323 | J83: Xcel Owned | K83: DANI-PRAI-230.0-1 | L83: FACILITY | N83: 1200 | O83: 1200 | P83: 1325 | Q83: 1325 | R83: 478 | S83: 478 | T83: 528 | U83: 528
B84: DANI-PRAI-230.0-1 | C84: 5111 | D84: DANIELS PARK 115 & 230KV SUBSTATION | E84: XCEL | F84: PRAIRIE SUBSTATION | G84: XCEL | H84: 70139 | I84: 70323 | J84: Xcel Owned | L84: LINE_TRAP | M84: DANI | N84: 1200 | O84: 1200 | P84: 1325 | Q84: 1325 | R84: 478 | S84: 478 | T84: 528 | U84: 528
B85: GREE-PRAI-230.0-2 | C85: 5111 | D85: GREENWOOD SUBSTATION | E85: XCEL | F85: PRAIRIE SUBSTATION | G85: XCEL | H85: 70481 | I85: 70331 | J85: Xcel Owned | K85: GREE-PRAI-230.0-2 | L85: FACILITY | N85: 1200 | O85: 1200 | P85: 1248 | Q85: 1248 | R85: 478 | S85: 478 | T85: 497 | U85: 497
B86: GREE-PRAI-230.0-2 | C86: 5111 | D86: GREENWOOD SUBSTATION | E86: XCEL | F86: PRAIRIE SUBSTATION | G86: XCEL | H86: 70481 | I86: 70331 | J86: Xcel Owned | L86: LINE_TRAP | M86: GREE | N86: 1200 | O86: 1200 | P86: 1248 | Q86: 1248 | R86: 478 | S86: 478 | T86: 497 | U86: 497
B87: DANI-MSST-230.0-1 | C87: 5113 | D87: DANIELS PARK 115 & 230KV SUBSTATION | E87: XCEL | F87: MISSILE SITE | G87: XCEL | H87: 70139 | I87: 70623 | J87: Xcel Owned | K87: DANI-MSST-230.0-1 | L87: FACILITY | N87: 1860 | O87: 2000 | P87: 2000 | Q87: 2000 | R87: 741 | S87: 797 | T87: 797 | U87: 797
B88: DANI-MSST-230.0-1 | C88: 5113 | D88: DANIELS PARK 115 & 230KV SUBSTATION | E88: XCEL | F88: MISSILE SITE | G88: XCEL | H88: 70139 | I88: 70623 | J88: Xcel Owned | K88: DANI-MSST-230.0-1 | L88: Transmission Line | M88: 5113 | N88: 1860 | O88: 2046 | P88: 2112 | Q88: 2324 | R88: 741 | S88: 815 | T88: 841 | U88: 926
B89: DANI-MSST-230.0-1 | C89: 5113 | D89: DANIELS PARK 115 & 230KV SUBSTATION | E89: XCEL | F89: MISSILE SITE | G89: XCEL | H89: 70139 | I89: 70623 | J89: Xcel Owned | K89: TL5113 MTR AMP | L89: SECONDARY_CURRENT_LIMITATION | M89: DANI | N89: 2000 | O89: 2000 | P89: 2000 | Q89: 2000 | R89: 797 | S89: 797 | T89: 797 | U89: 797
B90: DANI-MSST-230.0-1 | C90: 5113 | D90: DANIELS PARK 115 & 230KV SUBSTATION | E90: XCEL | F90: MISSILE SITE | G90: XCEL | H90: 70139 | I90: 70623 | J90: Xcel Owned | K90: TL5113 MTR WATT | L90: SECONDARY_CURRENT_LIMITATION | M90: DANI | N90: 2000 | O90: 2000 | P90: 2000 | Q90: 2000 | R90: 797 | S90: 797 | T90: 797 | U90: 797
B91: DANI-MSST-230.0-1 | C91: 5113 | D91: DANIELS PARK 115 & 230KV SUBSTATION | E91: XCEL | F91: MISSILE SITE | G91: XCEL | H91: 70139 | I91: 70623 | J91: Xcel Owned | K91: TL5113 MTR VAR | L91: SECONDARY_CURRENT_LIMITATION | M91: DANI | N91: 2000 | O91: 2000 | P91: 2000 | Q91: 2000 | R91: 797 | S91: 797 | T91: 797 | U91: 797
B92: DANI-MSST-230.0-1 | C92: 5113 | D92: DANIELS PARK 115 & 230KV SUBSTATION | E92: XCEL | F92: MISSILE SITE | G92: XCEL | H92: 70139 | I92: 70623 | J92: Xcel Owned | L92: LINE_TRAP | M92: DANI | N92: 2000 | O92: 2000 | P92: 2208 | Q92: 2208 | R92: 797 | S92: 797 | T92: 880 | U92: 880
B93: DANI-MSST-230.0-1 | C93: 5113 | D93: DANIELS PARK 115 & 230KV SUBSTATION | E93: XCEL | F93: MISSILE SITE | G93: XCEL | H93: 70139 | I93: 70623 | J93: Xcel Owned | L93: LINE_TRAP | M93: MSST | N93: 2000 | O93: 2000 | P93: 2208 | Q93: 2208 | R93: 797 | S93: 797 | T93: 880 | U93: 880
B94: DANI-SRDG-230.0-1 | C94: 5115 | D94: DANIELS PARK 115 & 230KV SUBSTATION | E94: XCEL | F94: SURREY RIDGE | G94: XCEL | H94: 70139 | I94: 70284 | J94: Xcel Owned | K94: DANI-SRDG-230.0-1 | L94: FACILITY | N94: 1200 | O94: 1200 | P94: 1200 | Q94: 1200 | R94: 478 | S94: 478 | T94: 478 | U94: 478
B95: DANI-SRDG-230.0-1 | C95: 5115 | D95: DANIELS PARK 115 & 230KV SUBSTATION | E95: XCEL | F95: SURREY RIDGE | G95: XCEL | H95: 70139 | I95: 70284 | J95: Xcel Owned | K95: TL5115 MTR WATT | L95: SECONDARY_CURRENT_LIMITATION | M95: DANI | N95: 1200 | O95: 1200 | P95: 1200 | Q95: 1200 | R95: 478 | S95: 478 | T95: 478 | U95: 478
B96: DANI-SRDG-230.0-1 | C96: 5115 | D96: DANIELS PARK 115 & 230KV SUBSTATION | E96: XCEL | F96: SURREY RIDGE | G96: XCEL | H96: 70139 | I96: 70284 | J96: Xcel Owned | K96: TL5115 MTR VAR | L96: SECONDARY_CURRENT_LIMITATION | M96: DANI | N96: 1200 | O96: 1200 | P96: 1200 | Q96: 1200 | R96: 478 | S96: 478 | T96: 478 | U96: 478
B97: DANI-SRDG-230.0-1 | C97: 5115 | D97: DANIELS PARK 115 & 230KV SUBSTATION | E97: XCEL | F97: SURREY RIDGE | G97: XCEL | H97: 70139 | I97: 70284 | J97: Xcel Owned | K97: TL5115 MTR AMP | L97: SECONDARY_CURRENT_LIMITATION | M97: DANI | N97: 1200 | O97: 1200 | P97: 1200 | Q97: 1200 | R97: 478 | S97: 478 | T97: 478 | U97: 478
B98: SRDG-LEMO-230.0-1 | C98: 5115 | D98: SURREY RIDGE | E98: XCEL | F98: LEMON GULCH | G98: XCEL | H98: 70284 | I98: 70533 | J98: Xcel Owned | K98: SRDG-LEMO-230.0-1 | L98: FACILITY | N98: 1847 | O98: 2000 | P98: 2000 | Q98: 2000 | R98: 736 | S98: 797 | T98: 797 | U98: 797
B99: SRDG-LEMO-230.0-1 | C99: 5115 | D99: SURREY RIDGE | E99: XCEL | F99: LEMON GULCH | G99: XCEL | H99: 70284 | I99: 70533 | J99: Xcel Owned | K99: Swift | L99: BUSBAR_SECTION | M99: LEMO | N99: 1847 | O99: 2032 | P99: 2102 | Q99: 2312 | R99: 736 | S99: 809 | T99: 837 | U99: 921
B100: SRDG-LEMO-230.0-1 | C100: 5115 | D100: SURREY RIDGE | E100: XCEL | F100: LEMON GULCH | G100: XCEL | H100: 70284 | I100: 70533 | J100: Xcel Owned | K100: 5115-1 | L100: CIRCUIT_SWITCHER | M100: LEMO | N100: 2000 | O100: 2000 | P100: 2000 | Q100: 2000 | R100: 797 | S100: 797 | T100: 797 | U100: 797
B101: SRDG-LEMO-230.0-1 | C101: 5115 | D101: SURREY RIDGE | E101: XCEL | F101: LEMON GULCH | G101: XCEL | H101: 70284 | I101: 70533 | J101: Xcel Owned | K101: 5115-5 | L101: CIRCUIT_SWITCHER | M101: SRDG | N101: 2000 | O101: 2000 | P101: 2000 | Q101: 2000 | R101: 797 | S101: 797 | T101: 797 | U101: 797
B102: SULP-LEMO-230.0-1 | C102: 5115 | D102: SULPHUR SUBSTATION | E102: XCEL | F102: LEMON GULCH | G102: XCEL | H102: 70524 | I102: 70533 | J102: Xcel Owned | K102: SULP-LEMO-230.0-1 | L102: FACILITY | N102: 1807 | O102: 1988 | P102: 2000 | Q102: 2000 | R102: 720 | S102: 792 | T102: 797 | U102: 797
...

Sheet Cover
A6: SUBSTATION / TRANSMISSION FACILITY EQUIPMENT RATINGS FAC-008-5 Revision 2025-02 September, 2025
BN9: Temporary Rating For Bancrroft Outage (Valid Until 11-01-17)
AQ32: e

Sheet Instruction Sheet
BN9: Temporary Rating For Bancrroft Outage (Valid Until 11-01-17)

Sheet Line Ratings
E2: FAC-008-5 Transmission Lines | I2: OPCO: PSC | L2: VALIDATION STATUS: VALID | R2: OWNERSHIP: Jointly Owned,Xcel Owned
I3: BES: Y | L3: LIFE CYCLE STATUS: AS BUILT
B5: FACILITY DESIGNATION | C5: LINE NAME | D5: FROM SUB | E5: FROM SUB OWNER | F5: TO SUB | G5: TO SUB OWNER | H5: FROM PSSE | I5: TO PSSE | J5: FACILITY OWNERSHIP | K5: EQUIP NAME | L5: EQUIP TYPE | M5: EQUIP LOCATION | N5: SN (AMPS) | O5: SE (AMPS) | P5: WN (AMPS) | Q5: WE (AMPS) | R5: SN (MVA) | S5: SE (MVA) | T5: WN (MVA) | U5: WE (MVA) | V5: COMMENTS
B6: ADKO_TP-GILC-115.0-1 | C6: 9494 | D6: ANADARKO TAP | E6: XCEL | F6: GILCREST SUBSTATION | G6: XCEL | H6: 70219 | I6: 70198 | J6: Xcel Owned | K6: ADKO_TP-GILC-115.0-1 | L6: FACILITY | N6: 803 | O6: 883 | P6: 913 | Q6: 1004 | R6: 160 | S6: 176 | T6: 182 | U6: 200
B7: ADKO_TP-GILC-115.0-1 | C7: 9494 | D7: ANADARKO TAP | E7: XCEL | F7: GILCREST SUBSTATION | G7: XCEL | H7: 70219 | I7: 70198 | J7: Xcel Owned | K7: ADKO_TP-GILC-115.0-1 | L7: Transmission Line | M7: 9494 | N7: 803 | O7: 883 | P7: 913 | Q7: 1004 | R7: 160 | S7: 176 | T7: 182 | U7: 200
B8: ADKO_TP-VASQ-115.0-1 | C8: 9494 | D8: ANADARKO TAP | E8: XCEL | F8: VASQUEZ SUBSTATION | G8: XCEL | H8: 70219 | I8: 70450 | J8: Xcel Owned | K8: ADKO_TP-VASQ-115.0-1 | L8: FACILITY | N8: 803 | O8: 883 | P8: 912 | Q8: 1004 | R8: 160 | S8: 176 | T8: 182 | U8: 200
B9: ADKO_TP-VASQ-115.0-1 | C9: 9494 | D9: ANADARKO TAP | E9: XCEL | F9: VASQUEZ SUBSTATION | G9: XCEL | H9: 70219 | I9: 70450 | J9: Xcel Owned | K9: ADKO_TP-VASQ-115.0-1 | L9: Transmission Line | M9: 9494 | N9: 803 | O9: 883 | P9: 912 | Q9: 1004 | R9: 160 | S9: 176 | T9: 182 | U9: 200
B10: ADOB-UINT-230.0-1 | C10: 5555 | D10: ADOBE SUBSTATION | E10: XCEL | F10: UINTAH SUBSTATION | G10: XCEL | H10: 70268 | I10: 70438 | J10: Xcel Owned | K10: ADOB-UINT-230.0-1 | L10: FACILITY | N10: 791 | O10: 791 | P10: 795 | Q10: 795 | R10: 315 | S10: 315 | T10: 317 | U10: 317 | V10: Railroad Documentation
B11: ADOB-UINT-230.0-1 | C11: 5555 | D11: ADOBE SUBSTATION | E11: XCEL | F11: UINTAH SUBSTATION | G11: XCEL | H11: 70268 | I11: 70438 | J11: Xcel Owned | K11: ADOB-UINT-230.0-1 | L11: Transmission Line | M11: 5555 | N11: 791 | O11: 791 | P11: 795 | Q11: 795 | R11: 315 | S11: 315 | T11: 317 | U11: 317
B12: ALLI-KEND-115.0-1 | C12: 8024 | D12: ALLISON SUBSTATION | E12: XCEL | F12: KENDRICK SUBSTATION | G12: XCEL | H12: 70023 | I12: 70242 | J12: Xcel Owned | K12: ALLI-KEND-115.0-1 | L12: FACILITY | N12: 710 | O12: 781 | P12: 710 | Q12: 781 | R12: 141 | S12: 156 | T12: 141 | U12: 156
B13: ALLI-KEND-115.0-1 | C13: 8024 | D13: ALLISON SUBSTATION | E13: XCEL | F13: KENDRICK SUBSTATION | G13: XCEL | H13: 70023 | I13: 70242 | J13: Xcel Owned | K13: ALLI-KEND-115.0-1 | L13: Transmission Line | M13: 8024 | N13: 710 | O13: 781 | P13: 710 | Q13: 781 | R13: 141 | S13: 156 | T13: 141 | U13: 156
B14: ALLI-SODA-115.0-1 | C14: 8024 | D14: ALLISON SUBSTATION | E14: XCEL | F14: SODA LAKES SUBSTATION | G14: XCEL | H14: 70023 | I14: 70400 | J14: Xcel Owned | K14: ALLI-SODA-115.0-1 | L14: FACILITY | N14: 950 | O14: 1045 | P14: 950 | Q14: 1045 | R14: 189 | S14: 208 | T14: 189 | U14: 208
B15: ALLI-SODA-115.0-1 | C15: 8024 | D15: ALLISON SUBSTATION | E15: XCEL | F15: SODA LAKES SUBSTATION | G15: XCEL | H15: 70023 | I15: 70400 | J15: Xcel Owned | K15: ALLI-SODA-115.0-1 | L15: Transmission Line | M15: 8024 | N15: 950 | O15: 1045 | P15: 950 | Q15: 1045 | R15: 189 | S15: 208 | T15: 189 | U15: 208
B16: ALMA-BREC-230.0-1 | C16: 5487 | D16: ALMA SUBSTATION | E16: XCEL | F16: BRECKENRIDGE SUBSTATION | G16: XCEL | H16: 70032 | I16: 70064 | J16: Xcel Owned | K16: ALMA-BREC-230.0-1 | L16: FACILITY | N16: 1783 | O16: 2000 | P16: 2000 | Q16: 2000 | R16: 710 | S16: 797 | T16: 797 | U16: 797
B17: ALMA-BREC-230.0-1 | C17: 5487 | D17: ALMA SUBSTATION | E17: XCEL | F17: BRECKENRIDGE SUBSTATION | G17: XCEL | H17: 70032 | I17: 70064 | J17: Xcel Owned | K17: 2½" (AL 40) | L17: BUSBAR_SECTION | M17: ALMA | N17: 1783 | O17: 2140 | P17: 2174 | Q17: 2462 | R17: 710 | S17: 853 | T17: 866 | U17: 981
B18: ALMA-BREC-230.0-1 | C18: 5487 | D18: ALMA SUBSTATION | E18: XCEL | F18: BRECKENRIDGE SUBSTATION | G18: XCEL | H18: 70032 | I18: 70064 | J18: Xcel Owned | K18: 5487-3 | L18: CIRCUIT_SWITCHER | M18: ALMA | N18: 2000 | O18: 2000 | P18: 2000 | Q18: 2000 | R18: 797 | S18: 797 | T18: 797 | U18: 797
B19: ALMA-MALT-230.0-1 | C19: 5487 | D19: ALMA SUBSTATION | E19: XCEL | F19: MALTA SUBSTATION | G19: XCEL | H19: 70032 | I19: 70274 | J19: Xcel Owned | K19: ALMA-MALT-230.0-1 | L19: FACILITY | N19: 1037 | O19: 1200 | P19: 1200 | Q19: 1200 | R19: 413 | S19: 478 | T19: 478 | U19: 478
B20: ALMA-MALT-230.0-1 | C20: 5487 | D20: ALMA SUBSTATION | E20: XCEL | F20: MALTA SUBSTATION | G20: XCEL | H20: 70032 | I20: 70274 | J20: Xcel Owned | K20: Curlew | L20: BUSBAR_SECTION | M20: MALT | N20: 1037 | O20: 1215 | P20: 1244 | Q20: 1387 | R20: 413 | S20: 484 | T20: 496 | U20: 553
B21: ALMA-MALT-230.0-1 | C21: 5487 | D21: ALMA SUBSTATION | E21: XCEL | F21: MALTA SUBSTATION | G21: XCEL | H21: 70032 | I21: 70274 | J21: Xcel Owned | K21: 5487 135Y | L21: CURRENT_TRANSFORMER | M21: MALT | N21: 1200 | O21: 1200 | P21: 1200 | Q21: 1200 | R21: 478 | S21: 478 | T21: 478 | U21: 478
B22: ALMA-MALT-230.0-1 | C22: 5487 | D22: ALMA SUBSTATION | E22: XCEL | F22: MALTA SUBSTATION | G22: XCEL | H22: 70032 | I22: 70274 | J22: Xcel Owned | K22: 5487 135X | L22: CURRENT_TRANSFORMER | M22: MALT | N22: 1200 | O22: 1200 | P22: 1200 | Q22: 1200 | R22: 478 | S22: 478 | T22: 478 | U22: 478
B23: ALMA-MALT-230.0-1 | C23: 5487 | D23: ALMA SUBSTATION | E23: XCEL | F23: MALTA SUBSTATION | G23: XCEL | H23: 70032 | I23: 70274 | J23: Xcel Owned | K23: 5487 246X | L23: CURRENT_TRANSFORMER | M23: MALT | N23: 1200 | O23: 1200 | P23: 1200 | Q23: 1200 | R23: 478 | S23: 478 | T23: 478 | U23: 478
B24: ALMA-MALT-230.0-1 | C24: 5487 | D24: ALMA SUBSTATION | E24: XCEL | F24: MALTA SUBSTATION | G24: XCEL | H24: 70032 | I24: 70274 | J24: Xcel Owned | K24: 5487 246Y | L24: CURRENT_TRANSFORMER | M24: MALT | N24: 1200 | O24: 1200 | P24: 1200 | Q24: 1200 | R24: 478 | S24: 478 | T24: 478 | U24: 478
B25: ARAP-ARLQ_TP-115.0-1 | C25: 9332 | D25: ARAPAHOE SUBSTATION | E25: XCEL | F25: AIR LIQUIDE TAP | G25: XCEL | H25: 70036 | I25: 70531 | J25: Xcel Owned | K25: ARAP-ARLQ_TP-115.0-1 | L25: FACILITY | N25: 600 | O25: 775 | P25: 743 | Q25: 890 | R25: 120 | S25: 154 | T25: 148 | U25: 177
B26: ARAP-ARLQ_TP-115.0-1 | C26: 9332 | D26: ARAPAHOE SUBSTATION | E26: XCEL | F26: AIR LIQUIDE TAP | G26: XCEL | H26: 70036 | I26: 70531 | J26: Xcel Owned | K26: 9332M | L26: SWITCH | M26: ARAP | N26: 600 | O26: 775 | P26: 743 | Q26: 890 | R26: 120 | S26: 154 | T26: 148 | U26: 177
B27: ARAP-DAKO-230.0-1 | C27: 5623 | D27: ARAPAHOE SUBSTATION | E27: XCEL | F27: DAKOTA SUBSTATION | G27: XCEL | H27: 70038 | I27: 70141 | J27: Xcel Owned | K27: ARAP-DAKO-230.0-1 | L27: FACILITY | N27: 1426 | O27: 1568 | P27: 1625 | Q27: 1787 | R27: 568 | S27: 625 | T27: 647 | U27: 712
B28: ARAP-DAKO-230.0-1 | C28: 5623 | D28: ARAPAHOE SUBSTATION | E28: XCEL | F28: DAKOTA SUBSTATION | G28: XCEL | H28: 70038 | I28: 70141 | J28: Xcel Owned | K28: Narcissus | L28: BUSBAR_SECTION | M28: DAKO | N28: 1426 | O28: 1568 | P28: 1625 | Q28: 1787 | R28: 568 | S28: 625 | T28: 647 | U28: 712
B29: ARAP-DTER-230.0-1 | C29: 5449 | D29: ARAPAHOE SUBSTATION | E29: XCEL | F29: DENVER TERMINAL SUBSTATION | G29: XCEL | H29: 70038 | I29: 70149 | J29: Xcel Owned | K29: ARAP-DTER-230.0-1 | L29: FACILITY | N29: 1444 | O29: 1588 | P29: 1645 | Q29: 1810 | R29: 575 | S29: 633 | T29: 655 | U29: 721
B30: ARAP-DTER-230.0-1 | C30: 5449 | D30: ARAPAHOE SUBSTATION | E30: XCEL | F30: DENVER TERMINAL SUBSTATION | G30: XCEL | H30: 70038 | I30: 70149 | J30: Xcel Owned | K30: ARAP-DTER-230.0-1 | L30: Transmission Line | M30: 5449 | N30: 1444 | O30: 1588 | P30: 1645 | Q30: 1810 | R30: 575 | S30: 633 | T30: 655 | U30: 721
B31: ARAP-ENGL-115.0-1 | C31: 9336 | D31: ARAPAHOE SUBSTATION | E31: XCEL | F31: ENGLEWOOD SUBSTATION | G31: XCEL | H31: 70037 | I31: 70167 | J31: Xcel Owned | K31: ARAP-ENGL-115.0-1 | L31: FACILITY | N31: 799 | O31: 879 | P31: 869 | Q31: 956 | R31: 159 | S31: 175 | T31: 173 | U31: 190
B32: ARAP-ENGL-115.0-1 | C32: 9336 | D32: ARAPAHOE SUBSTATION | E32: XCEL | F32: ENGLEWOOD SUBSTATION | G32: XCEL | H32: 70037 | I32: 70167 | J32: Xcel Owned | K32: Hawk | L32: BUSBAR_SECTION | M32: ARAP | N32: 799 | O32: 879 | P32: 909 | Q32: 999 | R32: 159 | S32: 175 | T32: 181 | U32: 199
B33: ARAP-ENGL-115.0-1 | C33: 9336 | D33: ARAPAHOE SUBSTATION | E33: XCEL | F33: ENGLEWOOD SUBSTATION | G33: XCEL | H33: 70037 | I33: 70167 | J33: Xcel Owned | K33: ARAP-ENGL-115.0-1 | L33: Transmission Line | M33: 9336 | N33: 803 | O33: 883 | P33: 869 | Q33: 956 | R33: 160 | S33: 176 | T33: 173 | U33: 190
B34: ARAP-GREE-230.0-1 | C34: 5709 | D34: ARAPAHOE SUBSTATION | E34: XCEL | F34: GREENWOOD SUBSTATION | G34: XCEL | H34: 70038 | I34: 70189 | J34: Xcel Owned | K34: ARAP-GREE-230.0-1 | L34: FACILITY | N34: 1440 | O34: 1584 | P34: 1642 | Q34: 1806 | R34: 574 | S34: 631 | T34: 654 | U34: 719
B35: ARAP-GREE-230.0-1 | C35: 5709 | D35: ARAPAHOE SUBSTATION | E35: XCEL | F35: GREENWOOD SUBSTATION | G35: XCEL | H35: 70038 | I35: 70189 | J35: Xcel Owned | K35: ARAP-GREE-230.0-1 | L35: Transmission Line | M35: 5709 | N35: 1440 | O35: 1584 | P35: 1642 | Q35: 1806 | R35: 574 | S35: 631 | T35: 654 | U35: 719
B36: ARAP-SANT-230.0-1 | C36: 5107 | D36: ARAPAHOE SUBSTATION | E36: XCEL | F36: SANTA FE SUBSTATION | G36: XCEL | H36: 70038 | I36: 70527 | J36: Xcel Owned | K36: ARAP-SANT-230.0-1 | L36: FACILITY | N36: 1266 | O36: 1393 | P36: 1443 | Q36: 1587 | R36: 504 | S36: 555 | T36: 575 | U36: 632
B37: ARAP-SANT-230.0-1 | C37: 5107 | D37: ARAPAHOE SUBSTATION | E37: XCEL | F37: SANTA FE SUBSTATION | G37: XCEL | H37: 70038 | I37: 70527 | J37: Xcel Owned | K37: ARAP-SANT-230.0-1 | L37: Transmission Line | M37: 5107 | N37: 1266 | O37: 1393 | P37: 1443 | Q37: 1587 | R37: 504 | S37: 555 | T37: 575 | U37: 632
B38: ARAP-SOUT_TP-115.0-1 | C38: 9335 | D38: ARAPAHOE SUBSTATION | E38: XCEL | F38: SOUTH TAP | G38: XCEL | H38: 70037 | I38: 70398 | J38: Xcel Owned | K38: ARAP-SOUT_TP-115.0-1 | L38: FACILITY | N38: 798 | O38: 878 | P38: 908 | Q38: 998 | R38: 159 | S38: 175 | T38: 181 | U38: 199
B39: ARAP-SOUT_TP-115.0-1 | C39: 9335 | D39: ARAPAHOE SUBSTATION | E39: XCEL | F39: SOUTH TAP | G39: XCEL | H39: 70037 | I39: 70398 | J39: Xcel Owned | K39: ARAP-SOUT_TP-115.0-1 | L39: Transmission Line | M39: 9335 | N39: 798 | O39: 878 | P39: 908 | Q39: 998 | R39: 159 | S39: 175 | T39: 181 | U39: 199
B40: ARAP-UNIV-115.0-1 | C40: 9338 | D40: ARAPAHOE SUBSTATION | E40: XCEL | F40: UNIVERSITY SUBSTATION | G40: XCEL | H40: 70036 | I40: 70441 | J40: Xcel Owned | K40: ARAP-UNIV-115.0-1 | L40: FACILITY | N40: 773 | O40: 773 | P40: 773 | Q40: 773 | R40: 154 | S40: 154 | T40: 154 | U40: 154
B41: ARAP-UNIV-115.0-1 | C41: 9338 | D41: ARAPAHOE SUBSTATION | E41: XCEL | F41: UNIVERSITY SUBSTATION | G41: XCEL | H41: 70036 | I41: 70441 | J41: Xcel Owned | K41: ARAP-UNIV-115.0-1 | L41: Transmission Line | M41: 9338 | N41: 773 | O41: 773 | P41: 773 | Q41: 773 | R41: 154 | S41: 154 | T41: 154 | U41: 154
B42: ARGO-CHER-115.0-1 | C42: 9413 | D42: ARGO SUBSTATION | E42: XCEL | F42: CHEROKEE SWITCHYARD SUBSTATION | G42: XCEL | H42: 70039 | I42: 70108 | J42: Xcel Owned | K42: ARGO-CHER-115.0-1 | L42: FACILITY | N42: 1200 | O42: 1427 | P42: 1458 | Q42: 1600 | R42: 239 | S42: 284 | T42: 290 | U42: 319
B43: ARGO-CHER-115.0-1 | C43: 9413 | D43: ARGO SUBSTATION | E43: XCEL | F43: CHEROKEE SWITCHYARD SUBSTATION | G43: XCEL | H43: 70039 | I43: 70108 | J43: Xcel Owned | K43: 9537N | L43: SWITCH | M43: CHER | N43: 1200 | O43: 1549 | P43: 1486 | Q43: 1780 | R43: 239 | S43: 309 | T43: 296 | U43: 355
B44: ARGO-CHER-115.0-1 | C44: 9413 | D44: ARGO SUBSTATION | E44: XCEL | F44: CHEROKEE SWITCHYARD SUBSTATION | G44: XCEL | H44: 70039 | I44: 70108 | J44: Xcel Owned | K44: 9537S | L44: SWITCH | M44: CHER | N44: 1200 | O44: 1549 | P44: 1486 | Q44: 1780 | R44: 239 | S44: 309 | T44: 296 | U44: 355
B45: ARGO-CHER-115.0-1 | C45: 9413 | D45: ARGO SUBSTATION | E45: XCEL | F45: CHEROKEE SWITCHYARD SUBSTATION | G45: XCEL | H45: 70039 | I45: 70108 | J45: Xcel Owned | K45: 9556L | L45: SWITCH | M45: CHER | N45: 1200 | O45: 1549 | P45: 1486 | Q45: 1780 | R45: 239 | S45: 309 | T45: 296 | U45: 355
B46: ARGO-CHER-115.0-1 | C46: 9413 | D46: ARGO SUBSTATION | E46: XCEL | F46: CHEROKEE SWITCHYARD SUBSTATION | G46: XCEL | H46: 70039 | I46: 70108 | J46: Xcel Owned | K46: 9413W | L46: SWITCH | M46: CHER | N46: 1200 | O46: 1549 | P46: 1486 | Q46: 1780 | R46: 239 | S46: 309 | T46: 296 | U46: 355
B47: ARGO-CHER-115.0-1 | C47: 9413 | D47: ARGO SUBSTATION | E47: XCEL | F47: CHEROKEE SWITCHYARD SUBSTATION | G47: XCEL | H47: 70039 | I47: 70108 | J47: Xcel Owned | K47: 9556E | L47: SWITCH | M47: CHER | N47: 1200 | O47: 1549 | P47: 1486 | Q47: 1780 | R47: 239 | S47: 309 | T47: 296 | U47: 355
B48: ARGO-CHER-115.0-1 | C48: 9413 | D48: ARGO SUBSTATION | E48: XCEL | F48: CHEROKEE SWITCHYARD SUBSTATION | G48: XCEL | H48: 70039 | I48: 70108 | J48: Xcel Owned | K48: 9413L | L48: SWITCH | M48: CHER | N48: 1200 | O48: 1549 | P48: 1486 | Q48: 1780 | R48: 239 | S48: 309 | T48: 296 | U48: 355
B49: ARGO-CHER-115.0-1 | C49: 9413 | D49: ARGO SUBSTATION | E49: XCEL | F49: CHEROKEE SWITCHYARD SUBSTATION | G49: XCEL | H49: 70039 | I49: 70108 | J49: Xcel Owned | K49: Narcissus | L49: BUSBAR_SECTION | M49: CHER | N49: 1220 | O49: 1427 | P49: 1458 | Q49: 1626 | R49: 243 | S49: 284 | T49: 290 | U49: 324
B50: ARGO-CHER-115.0-1 | C50: 9413 | D50: ARGO SUBSTATION | E50: XCEL | F50: CHEROKEE SWITCHYARD SUBSTATION | G50: XCEL | H50: 70039 | I50: 70108 | J50: Xcel Owned | K50: 9556 | L50: BREAKER | M50: CHER | N50: 1600 | O50: 1600 | P50: 1600 | Q50: 1600 | R50: 319 | S50: 319 | T50: 319 | U50: 319
B51: ARGO-CHER-115.0-1 | C51: 9413 | D51: ARGO SUBSTATION | E51: XCEL | F51: CHEROKEE SWITCHYARD SUBSTATION | G51: XCEL | H51: 70039 | I51: 70108 | J51: Xcel Owned | K51: 9413 | L51: BREAKER | M51: CHER | N51: 1600 | O51: 1600 | P51: 1600 | Q51: 1600 | R51: 319 | S51: 319 | T51: 319 | U51: 319
B52: ARGO-DTER-115.0-1 | C52: 9004 | D52: ARGO SUBSTATION | E52: XCEL | F52: DENVER TERMINAL SUBSTATION | G52: XCEL | H52: 70039 | I52: 70148 | J52: Xcel Owned | K52: ARGO-DTER-115.0-1 | L52: FACILITY | N52: 2393 | O52: 2400 | P52: 2400 | Q52: 2400 | R52: 477 | S52: 478 | T52: 478 | U52: 478
B53: ARGO-DTER-115.0-1 | C53: 9004 | D53: ARGO SUBSTATION | E53: XCEL | F53: DENVER TERMINAL SUBSTATION | G53: XCEL | H53: 70039 | I53: 70148 | J53: Xcel Owned | K53: Magnolia | L53: BUSBAR_SECTION | M53: ARGO | N53: 2393 | O53: 2632 | P53: 2724 | Q53: 2996 | R53: 477 | S53: 524 | T53: 543 | U53: 597
B54: ARGO-DTER-115.0-1 | C54: 9004 | D54: ARGO SUBSTATION | E54: XCEL | F54: DENVER TERMINAL SUBSTATION | G54: XCEL | H54: 70039 | I54: 70148 | J54: Xcel Owned | K54: ARGO-DTER-115.0-1 | L54: Transmission Line | M54: 9004 | N54: 2393 | O54: 2632 | P54: 2725 | Q54: 2997 | R54: 477 | S54: 524 | T54: 543 | U54: 597
B55: ARGO-DTER-115.0-1 | C55: 9004 | D55: ARGO SUBSTATION | E55: XCEL | F55: DENVER TERMINAL SUBSTATION | G55: XCEL | H55: 70039 | I55: 70148 | J55: Xcel Owned | K55: 9004 135X | L55: CURRENT_TRANSFORMER | M55: ARGO | N55: 2400 | O55: 2400 | P55: 2400 | Q55: 2400 | R55: 478 | S55: 478 | T55: 478 | U55: 478
B56: ARGO-DTER-115.0-1 | C56: 9004 | D56: ARGO SUBSTATION | E56: XCEL | F56: DENVER TERMINAL SUBSTATION | G56: XCEL | H56: 70039 | I56: 70148 | J56: Xcel Owned | K56: 9004_135Y_PK | L56: SECONDARY_CURRENT_LIMITATION | M56: ARGO | N56: 2400 | O56: 2400 | P56: 2400 | Q56: 2400 | R56: 478 | S56: 478 | T56: 478 | U56: 478
B57: ARGO-DTER-115.0-1 | C57: 9004 | D57: ARGO SUBSTATION | E57: XCEL | F57: DENVER TERMINAL SUBSTATION | G57: XCEL | H57: 70039 | I57: 70148 | J57: Xcel Owned | K57: 9004 246X | L57: CURRENT_TRANSFORMER | M57: DTER | N57: 2400 | O57: 2400 | P57: 2400 | Q57: 2400 | R57: 478 | S57: 478 | T57: 478 | U57: 478
B58: ARGO-DTER-115.0-1 | C58: 9004 | D58: ARGO SUBSTATION | E58: XCEL | F58: DENVER TERMINAL SUBSTATION | G58: XCEL | H58: 70039 | I58: 70148 | J58: Xcel Owned | K58: 9004 135Y | L58: CURRENT_TRANSFORMER | M58: ARGO | N58: 2400 | O58: 2400 | P58: 2400 | Q58: 2400 | R58: 478 | S58: 478 | T58: 478 | U58: 478
B59: ARGO-DTER-115.0-1 | C59: 9004 | D59: ARGO SUBSTATION | E59: XCEL | F59: DENVER TERMINAL SUBSTATION | G59: XCEL | H59: 70039 | I59: 70148 | J59: Xcel Owned | K59: 9004 246X PK | L59: SECONDARY_CURRENT_LIMITATION | M59: DTER | N59: 2400 | O59: 2400 | P59: 2400 | Q59: 2400 | R59: 478 | S59: 478 | T59: 478 | U59: 478
B60: ARGO-DTER-115.0-1 | C60: 9004 | D60: ARGO SUBSTATION | E60: XCEL | F60: DENVER TERMINAL SUBSTATION | G60: XCEL | H60: 70039 | I60: 70148 | J60: Xcel Owned | K60: 9004_135X_PK | L60: SECONDARY_CURRENT_LIMITATION | M60: ARGO | N60: 2400 | O60: 2400 | P60: 2400 | Q60: 2400 | R60: 478 | S60: 478 | T60: 478 | U60: 478
B61: ARGO-DTER-115.0-1 | C61: 9004 | D61: ARGO SUBSTATION | E61: XCEL | F61: DENVER TERMINAL SUBSTATION | G61: XCEL | H61: 70039 | I61: 70148 | J61: Xcel Owned | K61: 9004 135Y | L61: CURRENT_TRANSFORMER | M61: DTER | N61: 2400 | O61: 2400 | P61: 2400 | Q61: 2400 | R61: 478 | S61: 478 | T61: 478 | U61: 478
B62: ARGO-DTER-115.0-1 | C62: 9004 | D62: ARGO SUBSTATION | E62: XCEL | F62: DENVER TERMINAL SUBSTATION | G62: XCEL | H62: 70039 | I62: 70148 | J62: Xcel Owned | K62: 9004 135Y PK-2 | L62: SECONDARY_CURRENT_LIMITATION | M62: DTER | N62: 2400 | O62: 2400 | P62: 2400 | Q62: 2400 | R62: 478 | S62: 478 | T62: 478 | U62: 478
B63: ARGO-DTER-115.0-1 | C63: 9004 | D63: ARGO SUBSTATION | E63: XCEL | F63: DENVER TERMINAL SUBSTATION | G63: XCEL | H63: 70039 | I63: 70148 | J63: Xcel Owned | K63: 9004 135X | L63: CURRENT_TRANSFORMER | M63: DTER | N63: 2400 | O63: 2400 | P63: 2400 | Q63: 2400 | R63: 478 | S63: 478 | T63: 478 | U63: 478
B64: ARSE-HAVA-115.0-1 | C64: 9543 | D64: ARSENAL | E64: XCEL | F64: HAVANA SUBSTATION | G64: XCEL | H64: 70040 | I64: 70217 | J64: Xcel Owned | K64: ARSE-HAVA-115.0-1 | L64: FACILITY | N64: 799 | O64: 879 | P64: 909 | Q64: 999 | R64: 159 | S64: 175 | T64: 181 | U64: 199
B65: ARSE-HAVA-115.0-1 | C65: 9543 | D65: ARSENAL | E65: XCEL | F65: HAVANA SUBSTATION | G65: XCEL | H65: 70040 | I65: 70217 | J65: Xcel Owned | K65: ARSE-HAVA-115.0-1 | L65: Transmission Line | M65: 9543 | N65: 799 | O65: 879 | P65: 909 | Q65: 999 | R65: 159 | S65: 175 | T65: 181 | U65: 199
B66: ARSE-HAVA-115.0-1 | C66: 9543 | D66: ARSENAL | E66: XCEL | F66: HAVANA SUBSTATION | G66: XCEL | H66: 70040 | I66: 70217 | J66: Xcel Owned | K66: Hawk | L66: BUSBAR_SECTION | M66: ARSE | N66: 799 | O66: 879 | P66: 909 | Q66: 999 | R66: 159 | S66: 175 | T66: 181 | U66: 199
B67: ARVA-CHER-230.0-1 | C67: 5067 | D67: ARVADA SUBSTATION | E67: XCEL | F67: CHEROKEE SWITCHYARD SUBSTATION | G67: XCEL | H67: 70041 | I67: 70107 | J67: Xcel Owned | K67: ARVA-CHER-230.0-1 | L67: FACILITY | N67: 1091 | O67: 1271 | P67: 1303 | Q67: 1448 | R67: 435 | S67: 506 | T67: 519 | U67: 577
B68: ARVA-CHER-230.0-1 | C68: 5067 | D68: ARVADA SUBSTATION | E68: XCEL | F68: CHEROKEE SWITCHYARD SUBSTATION | G68: XCEL | H68: 70041 | I68: 70107 | J68: Xcel Owned | K68: Curlew | L68: BUSBAR_SECTION | M68: CHER | N68: 1091 | O68: 1271 | P68: 1303 | Q68: 1448 | R68: 435 | S68: 506 | T68: 519 | U68: 577
B69: ARVA-RIDG_TP-230.0-1 | C69: 5067 | D69: ARVADA SUBSTATION | E69: XCEL | F69: RIDGE TAP | G69: XCEL | H69: 70041 | I69: 2210 | J69: Xcel Owned | K69: ARVA-RIDG_TP-230.0-1 | L69: FACILITY | N69: 1268 | O69: 1395 | P69: 1444 | Q69: 1589 | R69: 505 | S69: 556 | T69: 575 | U69: 633
B70: ARVA-RIDG_TP-230.0-1 | C70: 5067 | D70: ARVADA SUBSTATION | E70: XCEL | F70: RIDGE TAP | G70: XCEL | H70: 70041 | I70: 2210 | J70: Xcel Owned | K70: ARVA-RIDG_TP-230.0-1 | L70: Transmission Line | M70: 5067 | N70: 1268 | O70: 1395 | P70: 1444 | Q70: 1589 | R70: 505 | S70: 556 | T70: 575 | U70: 633
B71: ATER-BLPK-115.0-1 | C71: 8004 | D71: ALAMOSA TERMINAL SUBSTATION | E71: XCEL | F71: BLANCA PEAK SUBSTATION | G71: XCEL | H71: 70025 | I71: 70937 | J71: Xcel Owned | K71: ATER-BLPK-115.0-1 | L71: FACILITY | N71: 815 | O71: 896 | P71: 894 | Q71: 983 | R71: 162 | S71: 178 | T71: 178 | U71: 196
B72: ATER-BLPK-115.0-1 | C72: 8004 | D72: ALAMOSA TERMINAL SUBSTATION | E72: XCEL | F72: BLANCA PEAK SUBSTATION | G72: XCEL | H72: 70025 | I72: 70937 | J72: Xcel Owned | K72: ATER-BLPK-115.0-1 | L72: Transmission Line | M72: 8004 | N72: 815 | O72: 896 | P72: 894 | Q72: 983 | R72: 162 | S72: 178 | T72: 178 | U72: 196
B73: BANC-GRAY-115.0-1 | C73: 9448 | D73: BANCROFT SUBSTATION | E73: XCEL | F73: GRAY STREET SUBSTATION | G73: XCEL | H73: 70045 | I73: 70208 | J73: Xcel Owned | K73: BANC-GRAY-115.0-1 | L73: FACILITY | N73: 797 | O73: 877 | P73: 907 | Q73: 997 | R73: 159 | S73: 175 | T73: 181 | U73: 199
B74: BANC-GRAY-115.0-1 | C74: 9448 | D74: BANCROFT SUBSTATION | E74: XCEL | F74: GRAY STREET SUBSTATION | G74: XCEL | H74: 70045 | I74: 70208 | J74: Xcel Owned | K74: BANC-GRAY-115.0-1 | L74: Transmission Line | M74: 9448 | N74: 797 | O74: 877 | P74: 907 | Q74: 997 | R74: 159 | S74: 175 | T74: 181 | U74: 199
B75: BANC-KEND-115.0-1 | C75: 8024 | D75: BANCROFT SUBSTATION | E75: XCEL | F75: KENDRICK SUBSTATION | G75: XCEL | H75: 70045 | I75: 70242 | J75: Xcel Owned | K75: BANC-KEND-115.0-1 | L75: FACILITY | N75: 795 | O75: 874 | P75: 904 | Q75: 994 | R75: 158 | S75: 174 | T75: 180 | U75: 198
B76: BANC-KEND-115.0-1 | C76: 8024 | D76: BANCROFT SUBSTATION | E76: XCEL | F76: KENDRICK SUBSTATION | G76: XCEL | H76: 70045 | I76: 70242 | J76: Xcel Owned | K76: Hawk | L76: BUSBAR_SECTION | M76: KEND | N76: 795 | O76: 874 | P76: 904 | Q76: 994 | R76: 158 | S76: 174 | T76: 180 | U76: 198
B77: BANC-SOUT_TP-115.0-1 | C77: 9335 | D77: BANCROFT SUBSTATION | E77: XCEL | F77: SOUTH TAP | G77: XCEL | H77: 70045 | I77: 70398 | J77: Xcel Owned | K77: BANC-SOUT_TP-115.0-1 | L77: FACILITY | N77: 797 | O77: 877 | P77: 907 | Q77: 997 | R77: 159 | S77: 175 | T77: 181 | U77: 199
B78: BANC-SOUT_TP-115.0-1 | C78: 9335 | D78: BANCROFT SUBSTATION | E78: XCEL | F78: SOUTH TAP | G78: XCEL | H78: 70045 | I78: 70398 | J78: Xcel Owned | K78: BANC-SOUT_TP-115.0-1 | L78: Transmission Line | M78: 9335 | N78: 797 | O78: 877 | P78: 907 | Q78: 997 | R78: 159 | S78: 175 | T78: 181 | U78: 199
B79: BARR-GRVL-230.0-1 | C79: 5759 | D79: BARR LAKE SUBSTATION | E79: XCEL | F79: GREEN VALLEY SUBSTATION | G79: XCEL | H79: 70047 | I79: 70048 | J79: Xcel Owned | K79: BARR-GRVL-230.0-1 | L79: FACILITY | N79: 1200 | O79: 1200 | P79: 1200 | Q79: 1200 | R79: 478 | S79: 478 | T79: 478 | U79: 478
B80: BARR-GRVL-230.0-1 | C80: 5759 | D80: BARR LAKE SUBSTATION | E80: XCEL | F80: GREEN VALLEY SUBSTATION | G80: XCEL | H80: 70047 | I80: 70048 | J80: Xcel Owned | K80: TL5759 XAMP | L80: SECONDARY_CURRENT_LIMITATION | M80: BARR | N80: 1200 | O80: 1200 | P80: 1200 | Q80: 1200 | R80: 478 | S80: 478 | T80: 478 | U80: 478
B81: BARR-GRVL-230.0-1 | C81: 5759 | D81: BARR LAKE SUBSTATION | E81: XCEL | F81: GREEN VALLEY SUBSTATION | G81: XCEL | H81: 70047 | I81: 70048 | J81: Xcel Owned | K81: 5759 135Y | L81: CURRENT_TRANSFORMER | M81: BARR | N81: 1200 | O81: 1200 | P81: 1200 | Q81: 1200 | R81: 478 | S81: 478 | T81: 478 | U81: 478
B82: BARR-GRVL-230.0-1 | C82: 5759 | D82: BARR LAKE SUBSTATION | E82: XCEL | F82: GREEN VALLEY SUBSTATION | G82: XCEL | H82: 70047 | I82: 70048 | J82: Xcel Owned | K82: TL5759 W/VAR | L82: SECONDARY_CURRENT_LIMITATION | M82: BARR | N82: 1200 | O82: 1200 | P82: 1200 | Q82: 1200 | R82: 478 | S82: 478 | T82: 478 | U82: 478
B83: BARR-GRVL-230.0-1 | C83: 5759 | D83: BARR LAKE SUBSTATION | E83: XCEL | F83: GREEN VALLEY SUBSTATION | G83: XCEL | H83: 70047 | I83: 70048 | J83: Xcel Owned | K83: 5759 246Y | L83: CURRENT_TRANSFORMER | M83: BARR | N83: 1200 | O83: 1200 | P83: 1200 | Q83: 1200 | R83: 478 | S83: 478 | T83: 478 | U83: 478
B84: BARR-REUN-230.0-1 | C84: 5875 | D84: BARR LAKE SUBSTATION | E84: XCEL | F84: REUNION (TSGT) | G84: FOREIGN | H84: 70047 | I84: 72026 | J84: Xcel Owned | K84: BARR-REUN-230.0-1 | L84: FACILITY | N84: 1200 | O84: 1200 | P84: 1200 | Q84: 1200 | R84: 478 | S84: 478 | T84: 478 | U84: 478
B85: BARR-REUN-230.0-1 | C85: 5875 | D85: BARR LAKE SUBSTATION | E85: XCEL | F85: REUNION (TSGT) | G85: FOREIGN | H85: 70047 | I85: 72026 | J85: Xcel Owned | K85: 5875 135Y | L85: CURRENT_TRANSFORMER | M85: BARR | N85: 1200 | O85: 1200 | P85: 1200 | Q85: 1200 | R85: 478 | S85: 478 | T85: 478 | U85: 478
B86: BARR-REUN-230.0-1 | C86: 5875 | D86: BARR LAKE SUBSTATION | E86: XCEL | F86: REUNION (TSGT) | G86: FOREIGN | H86: 70047 | I86: 72026 | J86: Xcel Owned | K86: TL5875 W/VAR | L86: SECONDARY_CURRENT_LIMITATION | M86: BARR | N86: 1200 | O86: 1200 | P86: 1200 | Q86: 1200 | R86: 478 | S86: 478 | T86: 478 | U86: 478
B87: BARR-REUN-230.0-1 | C87: 5875 | D87: BARR LAKE SUBSTATION | E87: XCEL | F87: REUNION (TSGT) | G87: FOREIGN | H87: 70047 | I87: 72026 | J87: Xcel Owned | K87: TL5875 XAMP | L87: SECONDARY_CURRENT_LIMITATION | M87: BARR | N87: 1200 | O87: 1200 | P87: 1200 | Q87: 1200 | R87: 478 | S87: 478 | T87: 478 | U87: 478
B88: BARR-REUN-230.0-1 | C88: 5875 | D88: BARR LAKE SUBSTATION | E88: XCEL | F88: REUNION (TSGT) | G88: FOREIGN | H88: 70047 | I88: 72026 | J88: Xcel Owned | K88: 5875 246Y | L88: CURRENT_TRANSFORMER | M88: BARR | N88: 1200 | O88: 1200 | P88: 1200 | Q88: 1200 | R88: 478 | S88: 478 | T88: 478 | U88: 478
B89: BASA-HOPK_TP-115.0-1 | C89: 9256 | D89: BASALT SUBSTATION | E89: XCEL | F89: HOPKINS TAP | G89: XCEL | H89: 79003 | I89: 2203 | J89: Xcel Owned | K89: BASA-HOPK_TP-115.0-1 | L89: FACILITY | N89: 433 | O89: 476 | P89: 477 | Q89: 525 | R89: 86 | S89: 95 | T89: 95 | U89: 105
B90: BASA-HOPK_TP-115.0-1 | C90: 9256 | D90: BASALT SUBSTATION | E90: XCEL | F90: HOPKINS TAP | G90: XCEL | H90: 79003 | I90: 2203 | J90: Xcel Owned | K90: BASA-HOPK_TP-115.0-1 | L90: Transmission Line | M90: 9256 | N90: 433 | O90: 476 | P90: 477 | Q90: 525 | R90: 86 | S90: 95 | T90: 95 | U90: 105
B91: BCRK-AVON-115.0-1 | C91: 8424 | D91: BEAVER CREEK WEST SUBSTATION | E91: XCEL | F91: AVON SUBSTATION | G91: XCEL | H91: 79006 | I91: 79092 | J91: Jointly Owned | K91: BCRK-AVON-115.0-1 | L91: FACILITY | N91: 600 | O91: 600 | P91: 600 | Q91: 600 | R91: 120 | S91: 120 | T91: 120 | U91: 120
B92: BCRK-AVON-115.0-1 | C92: 8424 | D92: BEAVER CREEK WEST SUBSTATION | E92: XCEL | F92: AVON SUBSTATION | G92: XCEL | H92: 79006 | I92: 79092 | J92: Jointly Owned | K92: BC551 135X | L92: CURRENT_TRANSFORMER | M92: BCRK | N92: 600 | O92: 600 | P92: 600 | Q92: 600 | R92: 120 | S92: 120 | T92: 120 | U92: 120
B93: BCRK-AVON-115.0-1 | C93: 8424 | D93: BEAVER CREEK WEST SUBSTATION | E93: XCEL | F93: AVON SUBSTATION | G93: XCEL | H93: 79006 | I93: 79092 | J93: Jointly Owned | K93: 514 | L93: SWITCH | M93: AVON | N93: 600 | O93: 775 | P93: 743 | Q93: 890 | R93: 120 | S93: 154 | T93: 148 | U93: 177
B94: BCRK-AVON-115.0-1 | C94: 8424 | D94: BEAVER CREEK WEST SUBSTATION | E94: XCEL | F94: AVON SUBSTATION | G94: XCEL | H94: 79006 | I94: 79092 | J94: Jointly Owned | K94: 564 | L94: SWITCH | M94: AVON | N94: 600 | O94: 775 | P94: 743 | Q94: 890 | R94: 120 | S94: 154 | T94: 148 | U94: 177
B95: BCRK-AVON-115.0-1 | C95: 8424 | D95: BEAVER CREEK WEST SUBSTATION | E95: XCEL | F95: AVON SUBSTATION | G95: XCEL | H95: 79006 | I95: 79092 | J95: Jointly Owned | K95: 532 | L95: SWITCH | M95: AVON | N95: 600 | O95: 775 | P95: 743 | Q95: 890 | R95: 120 | S95: 154 | T95: 148 | U95: 177
B96: BCRK-AVON-115.0-1 | C96: 8424 | D96: BEAVER CREEK WEST SUBSTATION | E96: XCEL | F96: AVON SUBSTATION | G96: XCEL | H96: 79006 | I96: 79092 | J96: Jointly Owned | K96: 512 | L96: SWITCH | M96: AVON | N96: 600 | O96: 775 | P96: 743 | Q96: 890 | R96: 120 | S96: 154 | T96: 148 | U96: 177
B97: BCRK-AVON-115.0-1 | C97: 8424 | D97: BEAVER CREEK WEST SUBSTATION | E97: XCEL | F97: AVON SUBSTATION | G97: XCEL | H97: 79006 | I97: 79092 | J97: Jointly Owned | K97: 552 | L97: SWITCH | M97: AVON | N97: 600 | O97: 775 | P97: 743 | Q97: 890 | R97: 120 | S97: 154 | T97: 148 | U97: 177
B98: BCRK-AVON-115.0-1 | C98: 8424 | D98: BEAVER CREEK WEST SUBSTATION | E98: XCEL | F98: AVON SUBSTATION | G98: XCEL | H98: 79006 | I98: 79092 | J98: Jointly Owned | K98: BC552 | L98: SWITCH | M98: BCRK | N98: 600 | O98: 775 | P98: 743 | Q98: 890 | R98: 120 | S98: 154 | T98: 148 | U98: 177
B99: BCRK-AVON-115.0-1 | C99: 8424 | D99: BEAVER CREEK WEST SUBSTATION | E99: XCEL | F99: AVON SUBSTATION | G99: XCEL | H99: 79006 | I99: 79092 | J99: Jointly Owned | K99: BC554 | L99: SWITCH | M99: BCRK | N99: 600 | O99: 775 | P99: 743 | Q99: 890 | R99: 120 | S99: 154 | T99: 148 | U99: 177
B100: BCRK-AVON-115.0-1 | C100: 8424 | D100: BEAVER CREEK WEST SUBSTATION | E100: XCEL | F100: AVON SUBSTATION | G100: XCEL | H100: 79006 | I100: 79092 | J100: Jointly Owned | K100: 534 | L100: SWITCH | M100: AVON | N100: 600 | O100: 775 | P100: 743 | Q100: 890 | R100: 120 | S100: 154 | T100: 148 | U100: 177
B101: BCRK-AVON-115.0-1 | C101: 8424 | D101: BEAVER CREEK WEST SUBSTATION | E101: XCEL | F101: AVON SUBSTATION | G101: XCEL | H101: 79006 | I101: 79092 | J101: Jointly Owned | K101: 554 | L101: SWITCH | M101: AVON | N101: 600 | O101: 775 | P101: 743 | Q101: 890 | R101: 120 | S101: 154 | T101: 148 | U101: 177
B102: BCRK-WOLC-115.0-1 | C102: 8415 | D102: BEAVER CREEK WEST SUBSTATION | E102: XCEL | F102: WOLCOTT (HCEA) | G102: FOREIGN | H102: 79006 | I102: 77643 | J102: Jointly Owned | K102: BCRK-WOLC-115.0-1 | L102: FACILITY | N102: 600 | O102: 600 | P102: 600 | Q102: 600 | R102: 120 | S102: 120 | T102: 120 | U102: 120
...

Sheet Manually Rated
E2: FAC-008-5 Transmission Lines | I2: OPCO: PSC | L2: VALIDATION STATUS: VALID | R2: OWNERSHIP: Jointly Owned,Xcel Owned
I3: BES: Y | L3: LIFE CYCLE STATUS: AS BUILT
B5: FACILITY DESIGNATION | C5: LINE NAME | D5: FROM SUB | E5: FROM SUB OWNER | F5: TO SUB | G5: TO SUB OWNER | H5: FROM PSSE | I5: TO PSSE | J5: FACILITY OWNERSHIP | K5: EQUIP NAME | L5: EQUIP TYPE | M5: EQUIP LOCATION | N5: SN (AMPS) | O5: SE (AMPS) | P5: WN (AMPS) | Q5: WE (AMPS) | R5: SN (MVA) | S5: SE (MVA) | T5: WN (MVA) | U5: WE (MVA) | V5: COMMENTS
B6: BEAV-BEVW-115.0-1 | C6: 9409 | D6: BEAVER CREEK EAST SUBSTATION | E6: XCEL | F6: BEAVER CREEK (WAPA) | G6: FOREIGN | J6: Jointly Owned | K6: BEAV-BEVW-115.0-1 | L6: FACILITY | N6: 1889 | O6: 1920 | P6: 1920 | Q6: 1920 | R6: 376 | S6: 382 | T6: 382 | U6: 382 | V6: 115kV BUS TIE
B7: BEAV-BEVW-115.0-1 | C7: 9409 | D7: BEAVER CREEK EAST SUBSTATION | E7: XCEL | F7: BEAVER CREEK (WAPA) | G7: FOREIGN | J7: Jointly Owned | K7: 2-795 ACSR CONDUCTOR | L7: BUSBAR_SECTION | M7: BEAV | N7: 1889 | O7: 2202 | P7: 2250 | Q7: 2505 | R7: 376 | S7: 439 | T7: 439 | U7: 439
B8: BEAV-BEVW-115.0-1 | C8: 9409 | D8: BEAVER CREEK EAST SUBSTATION | E8: XCEL | F8: BEAVER CREEK (WAPA) | G8: FOREIGN | J8: Jointly Owned | K8: 2-795 ACSR CONDUCTOR | L8: BUSBAR_SECTION | M8: BEVW | N8: 1889 | O8: 2202 | P8: 2250 | Q8: 2505 | R8: 376 | S8: 439 | T8: 439 | U8: 439
B9: BEAV-BEVW-115.0-1 | C9: 9409 | D9: BEAVER CREEK EAST SUBSTATION | E9: XCEL | F9: BEAVER CREEK (WAPA) | G9: FOREIGN | J9: Jointly Owned | K9: KD41 21Z3 | L9: SECONDARY_CURRENT_LIMITATION | M9: BEAV | N9: 1920 | O9: 1920 | P9: 1920 | Q9: 1920 | R9: 382 | S9: 382 | T9: 382 | U9: 382
B10: MIDW-115.0-BKR-9641 | C10: 9641-A | D10: MIDWAY NODE A | E10: XCEL | F10: MIDWAY BANK #1 | G10: XCEL | J10: Xcel Owned | K10: MIDW-115.0-BKR-9641 | L10: FACILITY | N10: 400 | O10: 400 | P10: 400 | Q10: 400 | R10: 80 | S10: 80 | T10: 80 | U10: 80
B11: MIDW-115.0-BKR-9641 | C11: 9641-A | D11: MIDWAY NODE A | E11: XCEL | F11: MIDWAY BANK #1 | G11: XCEL | J11: Xcel Owned | K11: Black Hills Relay | L11: SECONDARY_CURRENT_LIMITATION | M11: MIDW | N11: 400 | O11: 400 | P11: 400 | Q11: 400 | R11: 80 | S11: 80 | T11: 80 | U11: 80
B12: WELD-WEDW-230.0-1 | C12: 5223 | D12: WELD | E12: XCEL | F12: WELD (WAPA) | G12: FOREIGN | J12: Jointly Owned | K12: WELD-WEDW-115.0-1 | L12: FACILITY | N12: 2157 | O12: 2400 | P12: 2400 | Q12: 2400 | R12: 859 | S12: 956 | T12: 956 | U12: 956
B13: WELD-WEDW-230.0-1 | C13: 5223 | D13: WELD | E13: XCEL | F13: WELD (WAPA) | G13: FOREIGN | J13: Jointly Owned | K13: 5220 | L13: SWITCH | M13: WELD | N13: 2157 | O13: 2533 | P13: 2472 | Q13: 2761 | R13: 859 | S13: 1009.0755 | T13: 984.77481 | U13: 1099.9042
B14: WELD-WEDW-230.0-1 | C14: 5223 | D14: WELD | E14: XCEL | F14: WELD (WAPA) | G14: FOREIGN | J14: Jointly Owned | K14: 5223 135X | L14: CURRENT_TRANSFORMER | M14: WELD | N14: 2400 | O14: 2400 | P14: 2400 | Q14: 2400 | R14: 956 | S14: 956 | T14: 956 | U14: 956
B15: WELD-WEDW-230.0-1 | C15: 5223 | D15: WELD | E15: XCEL | F15: WELD (WAPA) | G15: FOREIGN | J15: Jointly Owned | K15: 5223 135Y | L15: CURRENT_TRANSFORMER | M15: WELD | N15: 2400 | O15: 2400 | P15: 2400 | Q15: 2400 | R15: 956 | S15: 956 | T15: 956 | U15: 956
B16: WELD-WEDW-230.0-1 | C16: 5223 | D16: WELD | E16: XCEL | F16: WELD (WAPA) | G16: FOREIGN | J16: Jointly Owned | K16: 5223 246X | L16: CURRENT_TRANSFORMER | M16: WELD | N16: 2400 | O16: 2400 | P16: 2400 | Q16: 2400 | R16: 956 | S16: 956 | T16: 956 | U16: 956
B17: WELD-WEDW-230.0-1 | C17: 5223 | D17: WELD | E17: XCEL | F17: WELD (WAPA) | G17: FOREIGN | J17: Jointly Owned | K17: 5223 246Y | L17: CURRENT_TRANSFORMER | M17: WELD | N17: 2400 | O17: 2400 | P17: 2400 | Q17: 2400 | R17: 956 | S17: 956 | T17: 956 | U17: 956
B18: WELD-WEDW-230.0-1 | C18: 5223 | D18: WELD | E18: XCEL | F18: WELD (WAPA) | G18: FOREIGN | J18: Jointly Owned | K18: 5221 135X | L18: CURRENT_TRANSFORMER | M18: WELD | N18: 2400 | O18: 2400 | P18: 2400 | Q18: 2400 | R18: 956 | S18: 956 | T18: 956 | U18: 956
B19: WELD-WEDW-230.0-1 | C19: 5223 | D19: WELD | E19: XCEL | F19: WELD (WAPA) | G19: FOREIGN | J19: Jointly Owned | K19: 5221 135Y | L19: CURRENT_TRANSFORMER | M19: WELD | N19: 2400 | O19: 2400 | P19: 2400 | Q19: 2400 | R19: 956 | S19: 956 | T19: 956 | U19: 956
B20: WELD-WEDW-230.0-1 | C20: 5223 | D20: WELD | E20: XCEL | F20: WELD (WAPA) | G20: FOREIGN | J20: Jointly Owned | K20: 5221 246X | L20: CURRENT_TRANSFORMER | M20: WELD | N20: 2400 | O20: 2400 | P20: 2400 | Q20: 2400 | R20: 956 | S20: 956 | T20: 956 | U20: 956
B21: WELD-WEDW-230.0-1 | C21: 5223 | D21: WELD | E21: XCEL | F21: WELD (WAPA) | G21: FOREIGN | J21: Jointly Owned | K21: 5221 246Y | L21: CURRENT_TRANSFORMER | M21: WELD | N21: 2400 | O21: 2400 | P21: 2400 | Q21: 2400 | R21: 956 | S21: 956 | T21: 956 | U21: 956
B22: WELD-WEDW-230.0-1 | C22: 5223 | D22: WELD | E22: XCEL | F22: WELD (WAPA) | G22: FOREIGN | J22: Jointly Owned | K22: Meter | L22: CURRENT_TRANSFORMER | M22: WELD | N22: 2400 | O22: 2400 | P22: 2400 | Q22: 2400 | R22: 956 | S22: 956 | T22: 956 | U22: 956

Sheet Line Ratings In Construction
E2: FAC-008-5 Transmission Lines | I2: OPCO: PSC | L2: VALIDATION STATUS: VALID | R2: OWNERSHIP: Jointly Owned,Xcel Owned
I3: BES: Y | L3: LIFE CYCLE STATUS: IN CONSTRUCTION
B5: FACILITY DESIGNATION | C5: LINE NAME | D5: FROM SUB | E5: FROM SUB OWNER | F5: TO SUB | G5: TO SUB OWNER | H5: FROM PSSE | I5: TO PSSE | J5: FACILITY OWNERSHIP | K5: EQUIP NAME | L5: EQUIP TYPE | M5: EQUIP LOCATION | N5: SN (AMPS) | O5: SE (AMPS) | P5: WN (AMPS) | Q5: WE (AMPS) | R5: SN (MVA) | S5: SE (MVA) | T5: WN (MVA) | U5: WE (MVA) | V5: COMMENTS
B6: COMA-TUND-345.0-1 | C6: 7015 | D6: COMANCHE SUBSTATION | E6: XCEL | F6: TUNDRA SUBSTATION | G6: XCEL | H6: 70654 | I6: 70653 | J6: Xcel Owned | K6: COMA-TUND-345.0-1 | L6: FACILITY | N6: 2000 | O6: 2000 | P6: 2112 | Q6: 2112 | R6: 1195 | S6: 1195 | T6: 1262 | U6: 1262
B7: COMA-TUND-345.0-1 | C7: 7015 | D7: COMANCHE SUBSTATION | E7: XCEL | F7: TUNDRA SUBSTATION | G7: XCEL | H7: 70654 | I7: 70653 | J7: Xcel Owned | L7: LINE_TRAP | M7: COMA | N7: 2000 | O7: 2000 | P7: 2112 | Q7: 2112 | R7: 1195 | S7: 1195 | T7: 1262 | U7: 1262
B8: DAKO-DTER-230.0-1 | C8: 5623 | D8: DAKOTA SUBSTATION | E8: XCEL | F8: DENVER TERMINAL SUBSTATION | G8: XCEL | H8: 70141 | I8: 70149 | J8: Xcel Owned | K8: DAKO-DTER-230.0-1 | L8: FACILITY | N8: 1220 | O8: 1427 | P8: 1457 | Q8: 1600 | R8: 486 | S8: 568 | T8: 580 | U8: 637
B9: DAKO-DTER-230.0-1 | C9: 5623 | D9: DAKOTA SUBSTATION | E9: XCEL | F9: DENVER TERMINAL SUBSTATION | G9: XCEL | H9: 70141 | I9: 70149 | J9: Xcel Owned | K9: Narcissus | L9: BUSBAR_SECTION | M9: DTER | N9: 1220 | O9: 1427 | P9: 1457 | Q9: 1626 | R9: 486 | S9: 568 | T9: 580 | U9: 648
B10: DAKO-DTER-230.0-1 | C10: 5623 | D10: DAKOTA SUBSTATION | E10: XCEL | F10: DENVER TERMINAL SUBSTATION | G10: XCEL | H10: 70141 | I10: 70149 | J10: Xcel Owned | K10: 5623-1 | L10: BREAKER | M10: DAKO | N10: 1600 | O10: 1600 | P10: 1600 | Q10: 1600 | R10: 637 | S10: 637 | T10: 637 | U10: 637
B11: DANI-PRAI-230.0-2 | C11: 5707 | D11: DANIELS PARK 115 & 230KV SUBSTATION | E11: XCEL | F11: PRAIRIE SUBSTATION | G11: XCEL | H11: 70139 | I11: 70331 | J11: Xcel Owned | K11: DANI-PRAI-230.0-2 | L11: FACILITY | N11: 1445 | O11: 1590 | P11: 1600 | Q11: 1600 | R11: 576 | S11: 633 | T11: 637 | U11: 637
B12: DANI-PRAI-230.0-2 | C12: 5707 | D12: DANIELS PARK 115 & 230KV SUBSTATION | E12: XCEL | F12: PRAIRIE SUBSTATION | G12: XCEL | H12: 70139 | I12: 70331 | J12: Xcel Owned | K12: DANI-PRAI-230.0-2 | L12: Transmission Line | M12: 5707 | N12: 1445 | O12: 1590 | P12: 1648 | Q12: 1813 | R12: 576 | S12: 633 | T12: 657 | U12: 722
B13: DANI-PRAI-230.0-2 | C13: 5707 | D13: DANIELS PARK 115 & 230KV SUBSTATION | E13: XCEL | F13: PRAIRIE SUBSTATION | G13: XCEL | H13: 70139 | I13: 70331 | J13: Xcel Owned | K13: 5707-1 | L13: BREAKER | M13: PRAI | N13: 1600 | O13: 1600 | P13: 1600 | Q13: 1600 | R13: 637 | S13: 637 | T13: 637 | U13: 637
B14: DTER-FEDC_TP-115.0-1 | C14: 9122 | D14: DENVER TERMINAL SUBSTATION | E14: XCEL | F14: FEDERAL CENTER TAP | G14: XCEL | H14: 70144 | I14: 70173 | J14: Xcel Owned | K14: DTER-FEDC_TP-115.0-1 | L14: FACILITY | N14: 1200 | O14: 1200 | P14: 1200 | Q14: 1200 | R14: 239 | S14: 239 | T14: 239 | U14: 239
B15: DTER-FEDC_TP-115.0-1 | C15: 9122 | D15: DENVER TERMINAL SUBSTATION | E15: XCEL | F15: FEDERAL CENTER TAP | G15: XCEL | H15: 70144 | I15: 70173 | J15: Xcel Owned | K15: 9122 246X 67GP | L15: SECONDARY_CURRENT_LIMITATION | M15: DTER | N15: 1200 | O15: 1200 | P15: 1200 | Q15: 1200 | R15: 239 | S15: 239 | T15: 239 | U15: 239
B16: DTER-FEDC_TP-115.0-1 | C16: 9122 | D16: DENVER TERMINAL SUBSTATION | E16: XCEL | F16: FEDERAL CENTER TAP | G16: XCEL | H16: 70144 | I16: 70173 | J16: Xcel Owned | K16: 9122 246X 21ZP | L16: SECONDARY_CURRENT_LIMITATION | M16: DTER | N16: 1200 | O16: 1200 | P16: 1200 | Q16: 1200 | R16: 239 | S16: 239 | T16: 239 | U16: 239
B17: DTER-FEDC_TP-115.0-1 | C17: 9122 | D17: DENVER TERMINAL SUBSTATION | E17: XCEL | F17: FEDERAL CENTER TAP | G17: XCEL | H17: 70144 | I17: 70173 | J17: Xcel Owned | K17: 9122 246Y 21Z2 | L17: SECONDARY_CURRENT_LIMITATION | M17: DTER | N17: 1200 | O17: 1200 | P17: 1200 | Q17: 1200 | R17: 239 | S17: 239 | T17: 239 | U17: 239
B18: DTER-FEDC_TP-115.0-1 | C18: 9122 | D18: DENVER TERMINAL SUBSTATION | E18: XCEL | F18: FEDERAL CENTER TAP | G18: XCEL | H18: 70144 | I18: 70173 | J18: Xcel Owned | K18: 9122 246Y 21Z1 | L18: SECONDARY_CURRENT_LIMITATION | M18: DTER | N18: 1200 | O18: 1200 | P18: 1200 | Q18: 1200 | R18: 239 | S18: 239 | T18: 239 | U18: 239
B19: DTER-FEDC_TP-115.0-1 | C19: 9122 | D19: DENVER TERMINAL SUBSTATION | E19: XCEL | F19: FEDERAL CENTER TAP | G19: XCEL | H19: 70144 | I19: 70173 | J19: Xcel Owned | K19: Curlew | L19: BUSBAR_SECTION | M19: DTER | N19: 1200 | O19: 1392 | P19: 1442 | Q19: 1586 | R19: 239 | S19: 277 | T19: 287 | U19: 316
B20: DTER-FEDC_TP-115.0-1 | C20: 9122 | D20: DENVER TERMINAL SUBSTATION | E20: XCEL | F20: FEDERAL CENTER TAP | G20: XCEL | H20: 70144 | I20: 70173 | J20: Xcel Owned | K20: DTER-FEDC_TP-115.0-1 | L20: Transmission Line | M20: 9122 | N20: 1200 | O20: 1392 | P20: 1442 | Q20: 1586 | R20: 239 | S20: 277 | T20: 287 | U20: 316
B21: DTER-FEDC_TP-115.0-1 | C21: 9122 | D21: DENVER TERMINAL SUBSTATION | E21: XCEL | F21: FEDERAL CENTER TAP | G21: XCEL | H21: 70144 | I21: 70173 | J21: Xcel Owned | K21: 9122L | L21: SWITCH | M21: DTER | N21: 1200 | O21: 1549 | P21: 1486 | Q21: 1780 | R21: 239 | S21: 309 | T21: 296 | U21: 355
B22: DTER-FEDC_TP-115.0-1 | C22: 9122 | D22: DENVER TERMINAL SUBSTATION | E22: XCEL | F22: FEDERAL CENTER TAP | G22: XCEL | H22: 70144 | I22: 70173 | J22: Xcel Owned | K22: 9122M | L22: SWITCH | M22: DTER | N22: 1200 | O22: 1549 | P22: 1486 | Q22: 1780 | R22: 239 | S22: 309 | T22: 296 | U22: 355
B23: DTER-GRAY-115.0-1 | C23: 9008 | D23: DENVER TERMINAL SUBSTATION | E23: XCEL | F23: GRAY STREET SUBSTATION | G23: XCEL | H23: 70148 | I23: 70208 | J23: Xcel Owned | K23: DTER-GRAY-115.0-1 | L23: FACILITY | N23: 1200 | O23: 1200 | P23: 1200 | Q23: 1200 | R23: 239 | S23: 239 | T23: 239 | U23: 239
B24: DTER-GRAY-115.0-1 | C24: 9008 | D24: DENVER TERMINAL SUBSTATION | E24: XCEL | F24: GRAY STREET SUBSTATION | G24: XCEL | H24: 70148 | I24: 70208 | J24: Xcel Owned | K24: 9008_246Y_METER_W | L24: SECONDARY_CURRENT_LIMITATION | M24: GRAY | N24: 1200 | O24: 1200 | P24: 1200 | Q24: 1200 | R24: 239 | S24: 239 | T24: 239 | U24: 239
B25: DTER-GRAY-115.0-1 | C25: 9008 | D25: DENVER TERMINAL SUBSTATION | E25: XCEL | F25: GRAY STREET SUBSTATION | G25: XCEL | H25: 70148 | I25: 70208 | J25: Xcel Owned | K25: 9008_246Y_XDCR_W | L25: SECONDARY_CURRENT_LIMITATION | M25: GRAY | N25: 1200 | O25: 1200 | P25: 1200 | Q25: 1200 | R25: 239 | S25: 239 | T25: 239 | U25: 239
B26: DTER-GRAY-115.0-1 | C26: 9008 | D26: DENVER TERMINAL SUBSTATION | E26: XCEL | F26: GRAY STREET SUBSTATION | G26: XCEL | H26: 70148 | I26: 70208 | J26: Xcel Owned | K26: 9008_246Y_METER_VAR | L26: SECONDARY_CURRENT_LIMITATION | M26: GRAY | N26: 1200 | O26: 1200 | P26: 1200 | Q26: 1200 | R26: 239 | S26: 239 | T26: 239 | U26: 239
B27: DTER-GRAY-115.0-1 | C27: 9008 | D27: DENVER TERMINAL SUBSTATION | E27: XCEL | F27: GRAY STREET SUBSTATION | G27: XCEL | H27: 70148 | I27: 70208 | J27: Xcel Owned | K27: 9008_246Y_METER_AMPSW | L27: SECONDARY_CURRENT_LIMITATION | M27: GRAY | N27: 1200 | O27: 1200 | P27: 1200 | Q27: 1200 | R27: 239 | S27: 239 | T27: 239 | U27: 239
B28: DTER-GRAY-115.0-1 | C28: 9008 | D28: DENVER TERMINAL SUBSTATION | E28: XCEL | F28: GRAY STREET SUBSTATION | G28: XCEL | H28: 70148 | I28: 70208 | J28: Xcel Owned | K28: 9008_135Y_67GS | L28: SECONDARY_CURRENT_LIMITATION | M28: GRAY | N28: 1200 | O28: 1200 | P28: 1200 | Q28: 1200 | R28: 239 | S28: 239 | T28: 239 | U28: 239
B29: DTER-GRAY-115.0-1 | C29: 9008 | D29: DENVER TERMINAL SUBSTATION | E29: XCEL | F29: GRAY STREET SUBSTATION | G29: XCEL | H29: 70148 | I29: 70208 | J29: Xcel Owned | K29: 9008_246Y_XDCR_VAR | L29: SECONDARY_CURRENT_LIMITATION | M29: GRAY | N29: 1200 | O29: 1200 | P29: 1200 | Q29: 1200 | R29: 239 | S29: 239 | T29: 239 | U29: 239
B30: DTER-GRAY-115.0-1 | C30: 9008 | D30: DENVER TERMINAL SUBSTATION | E30: XCEL | F30: GRAY STREET SUBSTATION | G30: XCEL | H30: 70148 | I30: 70208 | J30: Xcel Owned | K30: 9008M | L30: SWITCH | M30: GRAY | N30: 1200 | O30: 1549 | P30: 1486 | Q30: 1780 | R30: 239 | S30: 309 | T30: 296 | U30: 355
B31: DTER-GRAY-115.0-1 | C31: 9008 | D31: DENVER TERMINAL SUBSTATION | E31: XCEL | F31: GRAY STREET SUBSTATION | G31: XCEL | H31: 70148 | I31: 70208 | J31: Xcel Owned | K31: 9008M | L31: SWITCH | M31: DTER | N31: 1200 | O31: 1549 | P31: 1486 | Q31: 1780 | R31: 239 | S31: 309 | T31: 296 | U31: 355
B32: DTER-GRAY-115.0-1 | C32: 9008 | D32: DENVER TERMINAL SUBSTATION | E32: XCEL | F32: GRAY STREET SUBSTATION | G32: XCEL | H32: 70148 | I32: 70208 | J32: Xcel Owned | K32: 9008L | L32: SWITCH | M32: GRAY | N32: 1200 | O32: 1549 | P32: 1486 | Q32: 1780 | R32: 239 | S32: 309 | T32: 296 | U32: 355
B33: DTER-WEST-230.0-1 | C33: 5629 | D33: DENVER TERMINAL SUBSTATION | E33: XCEL | F33: WEST SUBSTATION | G33: XCEL | H33: 70149 | I33: 70480 | J33: Xcel Owned | K33: DTER-WEST-230.0-1 | L33: FACILITY | N33: 1263 | O33: 1389 | P33: 1439 | Q33: 1583 | R33: 503 | S33: 553 | T33: 573 | U33: 631
B34: DTER-WEST-230.0-1 | C34: 5629 | D34: DENVER TERMINAL SUBSTATION | E34: XCEL | F34: WEST SUBSTATION | G34: XCEL | H34: 70149 | I34: 70480 | J34: Xcel Owned | K34: DTER-WEST-230.0-1 | L34: Transmission Line | M34: 5629 | N34: 1263 | O34: 1389 | P34: 1439 | Q34: 1583 | R34: 503 | S34: 553 | T34: 573 | U34: 631
B35: EAST-CHAM-115.0-1 | C35: 9175 | D35: EAST SUBSTATION | E35: XCEL | F35: CHAMBERS SUBSTATION | G35: XCEL | H35: 70162 | I35: 70538 | J35: Xcel Owned | K35: EAST-CHAM-115.0-1 | L35: FACILITY | N35: 798 | O35: 878 | P35: 908 | Q35: 998 | R35: 159 | S35: 175 | T35: 181 | U35: 199
B36: EAST-CHAM-115.0-1 | C36: 9175 | D36: EAST SUBSTATION | E36: XCEL | F36: CHAMBERS SUBSTATION | G36: XCEL | H36: 70162 | I36: 70538 | J36: Xcel Owned | K36: EAST-CHAM-115.0-1 | L36: Transmission Line | M36: 9175 | N36: 798 | O36: 878 | P36: 908 | Q36: 998 | R36: 159 | S36: 175 | T36: 181 | U36: 199
B37: EAST-FITZ-115.0-1 | C37: 9178 | D37: EAST SUBSTATION | E37: XCEL | F37: FITZSIMONS SUBSTATION | G37: XCEL | H37: 70162 | I37: 70537 | J37: Xcel Owned | K37: EAST-FITZ-115.0-1 | L37: FACILITY | N37: 798 | O37: 878 | P37: 908 | Q37: 998 | R37: 159 | S37: 175 | T37: 181 | U37: 199
B38: EAST-FITZ-115.0-1 | C38: 9178 | D38: EAST SUBSTATION | E38: XCEL | F38: FITZSIMONS SUBSTATION | G38: XCEL | H38: 70162 | I38: 70537 | J38: Xcel Owned | K38: EAST-FITZ-115.0-1 | L38: Transmission Line | M38: 9178 | N38: 798 | O38: 878 | P38: 908 | Q38: 998 | R38: 159 | S38: 175 | T38: 181 | U38: 199
B39: EAST-SMOK-115.0-2 | C39: 9866 | D39: EAST SUBSTATION | E39: XCEL | F39: SMOKY HILL SUBSTATION | G39: XCEL | H39: 70171 | I39: 70395 | J39: Xcel Owned | K39: EAST-SMOK-115.0-2 | L39: FACILITY | N39: 794 | O39: 873 | P39: 903 | Q39: 993 | R39: 158 | S39: 174 | T39: 180 | U39: 198
B40: EAST-SMOK-115.0-2 | C40: 9866 | D40: EAST SUBSTATION | E40: XCEL | F40: SMOKY HILL SUBSTATION | G40: XCEL | H40: 70171 | I40: 70395 | J40: Xcel Owned | K40: EAST-SMOK-115.0-2 | L40: Transmission Line | M40: 9866 | N40: 794 | O40: 873 | P40: 903 | Q40: 993 | R40: 158 | S40: 174 | T40: 180 | U40: 198
B41: FLUP-PVAL-115.0-1 | C41: 9499 | D41: FORT LUPTON SUBSTATION | E41: XCEL | F41: PLATTE VALLEY | G41: XCEL | H41: 70090 | I41: 70307 | J41: Xcel Owned | K41: FLUP-PVAL-115.0-1 | L41: FACILITY | N41: 1200 | O41: 1330 | P41: 1377 | Q41: 1515 | R41: 239 | S41: 265 | T41: 274 | U41: 302
B42: FLUP-PVAL-115.0-1 | C42: 9499 | D42: FORT LUPTON SUBSTATION | E42: XCEL | F42: PLATTE VALLEY | G42: XCEL | H42: 70090 | I42: 70307 | J42: Xcel Owned | K42: 9499-5 | L42: SWITCH | M42: PVAL | N42: 1200 | O42: 1549 | P42: 1486 | Q42: 1780 | R42: 239 | S42: 309 | T42: 296 | U42: 355
B43: FLUP-PVAL-115.0-1 | C43: 9499 | D43: FORT LUPTON SUBSTATION | E43: XCEL | F43: PLATTE VALLEY | G43: XCEL | H43: 70090 | I43: 70307 | J43: Xcel Owned | K43: 9499-6 | L43: SWITCH | M43: PVAL | N43: 1200 | O43: 1549 | P43: 1486 | Q43: 1780 | R43: 239 | S43: 309 | T43: 296 | U43: 355
B44: FLUP-PVAL-115.0-1 | C44: 9499 | D44: FORT LUPTON SUBSTATION | E44: XCEL | F44: PLATTE VALLEY | G44: XCEL | H44: 70090 | I44: 70307 | J44: Xcel Owned | K44: Cardinal | L44: BUSBAR_SECTION | M44: PVAL | N44: 1209 | O44: 1330 | P44: 1377 | Q44: 1515 | R44: 241 | S44: 265 | T44: 274 | U44: 302
B45: FLUP-PVAL-115.0-1 | C45: 9499 | D45: FORT LUPTON SUBSTATION | E45: XCEL | F45: PLATTE VALLEY | G45: XCEL | H45: 70090 | I45: 70307 | J45: Xcel Owned | K45: Cardinal | L45: BUSBAR_SECTION | M45: FLUP | N45: 1209 | O45: 1330 | P45: 1377 | Q45: 1515 | R45: 241 | S45: 265 | T45: 274 | U45: 302
B46: FLUP-PVAL-115.0-1 | C46: 9499 | D46: FORT LUPTON SUBSTATION | E46: XCEL | F46: PLATTE VALLEY | G46: XCEL | H46: 70090 | I46: 70307 | J46: Xcel Owned | K46: FLUP-PVAL-115.0-1 | L46: Transmission Line | M46: 9499 | N46: 1210 | O46: 1331 | P46: 1378 | Q46: 1515 | R46: 241 | S46: 265 | T46: 274 | U46: 302
B47: FLUP-VASQ-115.0-1 | C47: 9494 | D47: FORT LUPTON SUBSTATION | E47: XCEL | F47: VASQUEZ SUBSTATION | G47: XCEL | H47: 70191 | I47: 70450 | J47: Xcel Owned | K47: FLUP-VASQ-115.0-1 | L47: FACILITY | N47: 801 | O47: 881 | P47: 911 | Q47: 1002 | R47: 160 | S47: 175 | T47: 181 | U47: 200
B48: FLUP-VASQ-115.0-1 | C48: 9494 | D48: FORT LUPTON SUBSTATION | E48: XCEL | F48: VASQUEZ SUBSTATION | G48: XCEL | H48: 70191 | I48: 70450 | J48: Xcel Owned | K48: FLUP-VASQ-115.0-1 | L48: Transmission Line | M48: 9494 | N48: 801 | O48: 881 | P48: 911 | Q48: 1002 | R48: 160 | S48: 175 | T48: 181 | U48: 200
B49: GREE-PRAI-230.0-1 | C49: 5707 | D49: GREENWOOD SUBSTATION | E49: XCEL | F49: PRAIRIE SUBSTATION | G49: XCEL | H49: 70189 | I49: 70323 | J49: Xcel Owned | K49: GREE-PRAI-230.0-1 | L49: FACILITY | N49: 1445 | O49: 1590 | P49: 1600 | Q49: 1600 | R49: 576 | S49: 633 | T49: 637 | U49: 637
B50: GREE-PRAI-230.0-1 | C50: 5707 | D50: GREENWOOD SUBSTATION | E50: XCEL | F50: PRAIRIE SUBSTATION | G50: XCEL | H50: 70189 | I50: 70323 | J50: Xcel Owned | K50: GREE-PRAI-230.0-1 | L50: Transmission Line | M50: 5707 | N50: 1445 | O50: 1590 | P50: 1648 | Q50: 1813 | R50: 576 | S50: 633 | T50: 657 | U50: 722
B51: GREE-PRAI-230.0-1 | C51: 5707 | D51: GREENWOOD SUBSTATION | E51: XCEL | F51: PRAIRIE SUBSTATION | G51: XCEL | H51: 70189 | I51: 70323 | J51: Xcel Owned | K51: 5707-2 | L51: BREAKER | M51: PRAI | N51: 1600 | O51: 1600 | P51: 1600 | Q51: 1600 | R51: 637 | S51: 637 | T51: 637 | U51: 637
B52: GRVL-SPRU-230.0-1 | C52: 5270 | D52: GREEN VALLEY SUBSTATION | E52: XCEL | F52: SPRUCE SUBSTATION | G52: XCEL | H52: 70048 | I52: 70528 | J52: Xcel Owned | K52: GRVL-SPRU-230.0-1 | L52: FACILITY | N52: 1800 | O52: 1800 | P52: 1800 | Q52: 1800 | R52: 717 | S52: 717 | T52: 717 | U52: 717
B53: GRVL-SPRU-230.0-1 | C53: 5270 | D53: GREEN VALLEY SUBSTATION | E53: XCEL | F53: SPRUCE SUBSTATION | G53: XCEL | H53: 70048 | I53: 70528 | J53: Xcel Owned | K53: TL5270_XDCR_AMP | L53: SECONDARY_CURRENT_LIMITATION | M53: GRVL | N53: 1800 | O53: 1800 | P53: 1800 | Q53: 1800 | R53: 717 | S53: 717 | T53: 717 | U53: 717
B54: HARS-TARR-230.0-1 | C54: 5995 | D54: HARTSEL (IREA) | E54: XCEL | F54: TARRYALL SUBSTATION | G54: XCEL | H54: 70927 | I54: 70427 | J54: Xcel Owned | K54: HARS-TARR-230.0-1 | L54: FACILITY | N54: 1175 | O54: 1188 | P54: 1255 | Q54: 1255 | R54: 468 | S54: 473 | T54: 500 | U54: 500
B55: HARS-TARR-230.0-1 | C55: 5995 | D55: HARTSEL (IREA) | E55: XCEL | F55: TARRYALL SUBSTATION | G55: XCEL | H55: 70927 | I55: 70427 | J55: Xcel Owned | K55: Narcissus | L55: BUSBAR_SECTION | M55: TARR | N55: 1175 | O55: 1380 | P55: 1408 | Q55: 1575 | R55: 468 | S55: 550 | T55: 561 | U55: 628
B56: HARS-TARR-230.0-1 | C56: 5995 | D56: HARTSEL (IREA) | E56: XCEL | F56: TARRYALL SUBSTATION | G56: XCEL | H56: 70927 | I56: 70427 | J56: Xcel Owned | L56: LINE_TRAP | M56: TARR | N56: 1188 | O56: 1188 | P56: 1255 | Q56: 1255 | R56: 473 | S56: 473 | T56: 500 | U56: 500
B57: JEWE-LEET-230.0-1 | C57: 5285 | D57: JEWELL SUBSTATION | E57: XCEL | F57: LEETSDALE SUBSTATION | G57: XCEL | H57: 70239 | I57: 70260 | J57: Xcel Owned | K57: JEWE-LEET-230.0-1 | L57: FACILITY | N57: 1217 | O57: 1393 | P57: 1443 | Q57: 1587 | R57: 485 | S57: 555 | T57: 575 | U57: 632
B58: JEWE-LEET-230.0-1 | C58: 5285 | D58: JEWELL SUBSTATION | E58: XCEL | F58: LEETSDALE SUBSTATION | G58: XCEL | H58: 70239 | I58: 70260 | J58: Xcel Owned | K58: Narcissus | L58: BUSBAR_SECTION | M58: LEET | N58: 1217 | O58: 1424 | P58: 1454 | Q58: 1622 | R58: 485 | S58: 567 | T58: 579 | U58: 646
B59: JEWE-LEET-230.0-1 | C59: 5285 | D59: JEWELL SUBSTATION | E59: XCEL | F59: LEETSDALE SUBSTATION | G59: XCEL | H59: 70239 | I59: 70260 | J59: Xcel Owned | K59: JEWE-LEET-230.0-1 | L59: Transmission Line | M59: 5285 | N59: 1266 | O59: 1393 | P59: 1443 | Q59: 1587 | R59: 504 | S59: 555 | T59: 575 | U59: 632
B60: KEST-SPRU-230.0-1 | C60: 5185 | D60: KESTREL SWITCHING STATION | E60: XCEL | F60: SPRUCE SUBSTATION | G60: XCEL | H60: 70536 | I60: 70528 | J60: Xcel Owned | K60: KEST-SPRU-230.0-1 | L60: FACILITY | N60: 1894 | O60: 2101 | P60: 2173 | Q60: 2391 | R60: 755 | S60: 837 | T60: 866 | U60: 953
B61: KEST-SPRU-230.0-1 | C61: 5185 | D61: KESTREL SWITCHING STATION | E61: XCEL | F61: SPRUCE SUBSTATION | G61: XCEL | H61: 70536 | I61: 70528 | J61: Xcel Owned | K61: 2½" (AL 40) | L61: BUSBAR_SECTION | M61: SPRU | N61: 1894 | O61: 2252 | P61: 2290 | Q61: 2581 | R61: 755 | S61: 897 | T61: 912 | U61: 1028
B62: KEST-SPRU-230.0-1 | C62: 5185 | D62: KESTREL SWITCHING STATION | E62: XCEL | F62: SPRUCE SUBSTATION | G62: XCEL | H62: 70536 | I62: 70528 | J62: Xcel Owned | K62: KEST-SPRU-230.0-1 | L62: Transmission Line | M62: 5185 | N62: 1910 | O62: 2101 | P62: 2173 | Q62: 2391 | R62: 761 | S62: 837 | T62: 866 | U62: 953
B63: MARC-WATE-230.0-1 | C63: 5085 | D63: MARCY SUBSTATION | E63: XCEL | F63: WATERTON SUBSTATION | G63: XCEL | H63: 70278 | I63: 70959 | J63: Xcel Owned | K63: MARC-WATE-230.0-1 | L63: FACILITY | N63: 1261 | O63: 1387 | P63: 1437 | Q63: 1580 | R63: 502 | S63: 553 | T63: 572 | U63: 629
B64: MARC-WATE-230.0-1 | C64: 5085 | D64: MARCY SUBSTATION | E64: XCEL | F64: WATERTON SUBSTATION | G64: XCEL | H64: 70278 | I64: 70959 | J64: Xcel Owned | K64: MARC-WATE-230.0-1 | L64: Transmission Line | M64: 5085 | N64: 1261 | O64: 1387 | P64: 1437 | Q64: 1580 | R64: 502 | S64: 553 | T64: 572 | U64: 629
B65: RECY-FLUP-115.0-1 | C65: 9053 | D65: RECYCLING - COORS | E65: XCEL | F65: FORT LUPTON SUBSTATION | G65: XCEL | H65: 70127 | I65: 70191 | J65: Xcel Owned | K65: RECY-FLUP-115.0-1 | L65: FACILITY | N65: 1200 | O65: 1520 | P65: 1483 | Q65: 1657 | R65: 239 | S65: 303 | T65: 295 | U65: 330
B66: RECY-FLUP-115.0-1 | C66: 9053 | D66: RECYCLING - COORS | E66: XCEL | F66: FORT LUPTON SUBSTATION | G66: XCEL | H66: 70127 | I66: 70191 | J66: Xcel Owned | K66: 9053-7 | L66: SWITCH | M66: RECY | N66: 1200 | O66: 1549 | P66: 1486 | Q66: 1780 | R66: 239 | S66: 309 | T66: 296 | U66: 355
B67: RECY-FLUP-115.0-1 | C67: 9053 | D67: RECYCLING - COORS | E67: XCEL | F67: FORT LUPTON SUBSTATION | G67: XCEL | H67: 70127 | I67: 70191 | J67: Xcel Owned | K67: 9053M | L67: SWITCH | M67: FLUP | N67: 1200 | O67: 1549 | P67: 1486 | Q67: 1780 | R67: 239 | S67: 309 | T67: 296 | U67: 355
B68: RECY-FLUP-115.0-1 | C68: 9053 | D68: RECYCLING - COORS | E68: XCEL | F68: FORT LUPTON SUBSTATION | G68: XCEL | H68: 70127 | I68: 70191 | J68: Xcel Owned | K68: 9053L | L68: SWITCH | M68: FLUP | N68: 1294 | O68: 1520 | P68: 1483 | Q68: 1657 | R68: 258 | S68: 303 | T68: 295 | U68: 330

Sheet Removed Line Facilities
E2: FAC-008-5 Transmission Lines | I2: OPCO: PSC | L2: VALIDATION STATUS: VALID | R2: OWNERSHIP: Jointly Owned,Xcel Owned
I3: BES: Y | L3: LIFE CYCLE STATUS: REMOVED
B5: FACILITY DESIGNATION | C5: LINE NAME | D5: DATE OF REMOVAL | E5: COMMENTS
B6: CHER-THTN-115.0-1 | C6: 9548 | D6: 45890 | E6: Metro Water Recovery substation added. Facility replaced by CHER-METO-115.0-1 LN-9548 and METO-THTN-115.0-1 LN-9737.
B7: CHYW-SHOR-345.0-1 | C7: 7199 | D7: 45779 | E7: Goose Creek substation added. Facility replaced by GOOS-SHOR-345.0-1 LN-7199 and CHYW-GOOS-345.0-1 LN-7261.
B8: CLIM-SUMM-115.0-1 | C8: 9188 | D8: 45691 | E8: Facility BES status changed to E1 Radial.
B9: SANT_TP-SANT-230.0-1 | C9: 5107 | D9: 45691 | E9: Sante Fe Tap removed. Facility replaced by ARAP-SANT-230.0-1 LN-5107.

Sheet Transformer Ratings
D2: FAC-008-5 Transformer | H2: OPCO: PSC | M2: VALIDATION STATUS: VALID
H3: BES: Y | M3: LIFE CYCLE STATUS: AS BUILT
B5: FACILITY DESIGNATION | C5: SUBSTATION | D5: HIGH SIDE PSSE | E5: LOWSIDE PSSE | F5: EQUIPMENT NAME | G5: EQUIPMENT TYPE | H5: VOLTAGE (kV) | I5: SN (MVA) | J5: SE8 (MVA) | K5: SE4 (MVA) | L5: SE2 (MVA) | M5: SE30 (MVA) | N5: WN (MVA) | O5: WE8 (MVA) | P5: WE4 (MVA) | Q5: WE2 (MVA) | R5: WE30 (MVA) | S5: COMMENTS
B6: ARAP-TR05-230.0-115.0-13.8-HX | C6: ARAPAHOE SUBSTATION | D6: 70038 | E6: 70036 | F6: ARAP-TR05-230.0-115.0-13.8-HX | G6: FACILITY | I6: 272 | J6: 272 | K6: 312 | L6: 319 | M6: 319 | N6: 299 | O6: 299 | P6: 319 | Q6: 319 | R6: 319
B7: ARAP-TR05-230.0-115.0-13.8-HX | C7: ARAPAHOE SUBSTATION | D7: 70038 | E7: 70036 | F7: TR05 | G7: TRANSFORMER | H7: 115 | I7: 271 | J7: 271 | K7: 312 | L7: 319 | M7: 319 | N7: 299 | O7: 299 | P7: 319 | Q7: 319 | R7: 319
B8: ARAP-TR05-230.0-115.0-13.8-HX | C8: ARAPAHOE SUBSTATION | D8: 70038 | E8: 70036 | F8: TR05 | G8: TRANSFORMER | H8: 230 | I8: 272 | J8: 272 | K8: 312 | L8: 326 | M8: 339 | N8: 299 | O8: 299 | P8: 339 | Q8: 353 | R8: 367
B9: ARAP-TR05-230.0-115.0-13.8-HX | C9: ARAPAHOE SUBSTATION | D9: 70038 | E9: 70036 | F9: TR05_H-SA_MW | G9: SECONDARY_CURRENT_LIMITATION | H9: 230 | I9: 319 | J9: 319 | K9: 319 | L9: 319 | M9: 319 | N9: 319 | O9: 319 | P9: 319 | Q9: 319 | R9: 319
B10: ARAP-TR05-230.0-115.0-13.8-HX | C10: ARAPAHOE SUBSTATION | D10: 70038 | E10: 70036 | F10: TR05_H-SA_MVAR | G10: SECONDARY_CURRENT_LIMITATION | H10: 230 | I10: 319 | J10: 319 | K10: 319 | L10: 319 | M10: 319 | N10: 319 | O10: 319 | P10: 319 | Q10: 319 | R10: 319
B11: ARAP-TR05-230.0-115.0-13.8-HX | C11: ARAPAHOE SUBSTATION | D11: 70038 | E11: 70036 | F11: TR05_H-SA_AMPS | G11: SECONDARY_CURRENT_LIMITATION | H11: 230 | I11: 319 | J11: 319 | K11: 319 | L11: 319 | M11: 319 | N11: 319 | O11: 319 | P11: 319 | Q11: 319 | R11: 319
B12: ARAP-TR05-230.0-115.0-13.8-HX | C12: ARAPAHOE SUBSTATION | D12: 70038 | E12: 70036 | F12: BK05 BCT H-SA | G12: CURRENT_TRANSFORMER | H12: 230 | I12: 319 | J12: 319 | K12: 319 | L12: 319 | M12: 319 | N12: 319 | O12: 319 | P12: 319 | Q12: 319 | R12: 319
B13: BASA-TR01-230.0-115.0-13.8-HX | C13: BASALT SUBSTATION | D13: 79004 | E13: 79003 | F13: BASA-TR01-230.0-115.0-13.8-HX | G13: FACILITY | I13: 114 | J13: 114 | K13: 120 | L13: 120 | M13: 120 | N13: 120 | O13: 120 | P13: 120 | Q13: 120 | R13: 120
B14: BASA-TR01-230.0-115.0-13.8-HX | C14: BASALT SUBSTATION | D14: 79004 | E14: 79003 | F14: TR01 | G14: TRANSFORMER | H14: 230 | I14: 114 | J14: 114 | K14: 120 | L14: 120 | M14: 120 | N14: 120 | O14: 120 | P14: 120 | Q14: 120 | R14: 120
B15: BASA-TR01-230.0-115.0-13.8-HX | C15: BASALT SUBSTATION | D15: 79004 | E15: 79003 | F15: TR01 | G15: TRANSFORMER | H15: 115 | I15: 114 | J15: 114 | K15: 120 | L15: 120 | M15: 120 | N15: 120 | O15: 120 | P15: 120 | Q15: 120 | R15: 120
B16: BASA-TR01-230.0-115.0-13.8-HX | C16: BASALT SUBSTATION | D16: 79004 | E16: 79003 | F16: BK01 X 14 15 16 | G16: CURRENT_TRANSFORMER | H16: 115 | I16: 120 | J16: 120 | K16: 120 | L16: 120 | M16: 120 | N16: 120 | O16: 120 | P16: 120 | Q16: 120 | R16: 120
B17: BASA-TR02-230.0-115.0-13.8-HX | C17: BASALT SUBSTATION | D17: 79004 | E17: 79003 | F17: BASA-TR02-230.0-115.0-13.8-HX | G17: FACILITY | I17: 168 | J17: 168 | K17: 190 | L17: 190 | M17: 190 | N17: 185 | O17: 185 | P17: 190 | Q17: 190 | R17: 190
B18: BASA-TR02-230.0-115.0-13.8-HX | C18: BASALT SUBSTATION | D18: 79004 | E18: 79003 | F18: TR02 | G18: TRANSFORMER | H18: 115 | I18: 168 | J18: 168 | K18: 193 | L18: 202 | M18: 210 | N18: 185 | O18: 185 | P18: 210 | Q18: 218 | R18: 227
B19: BASA-TR02-230.0-115.0-13.8-HX | C19: BASALT SUBSTATION | D19: 79004 | E19: 79003 | F19: TR02 | G19: TRANSFORMER | H19: 230 | I19: 168 | J19: 168 | K19: 193 | L19: 202 | M19: 210 | N19: 185 | O19: 185 | P19: 210 | Q19: 218 | R19: 227
B20: BASA-TR02-230.0-115.0-13.8-HX | C20: BASALT SUBSTATION | D20: 79004 | E20: 79003 | G20: CABLE_TERMINATOR | H20: 115 | I20: 190 | J20: 190 | K20: 190 | L20: 190 | M20: 190 | N20: 190 | O20: 190 | P20: 190 | Q20: 190 | R20: 190
B21: BASA-TR02-230.0-115.0-13.8-HX | C21: BASALT SUBSTATION | D21: 79004 | E21: 79003 | F21: Jessamine | G21: BUSBAR_SECTION | H21: 115 | I21: 190 | J21: 190 | K21: 190 | L21: 190 | M21: 190 | N21: 190 | O21: 190 | P21: 190 | Q21: 190 | R21: 190
B22: BEAV-TR01-230.0-115.0-13.8-HX | C22: BEAVER CREEK EAST SUBSTATION | D22: 70399 | E22: 70397 | F22: BEAV-TR01-230.0-115.0-13.8-HX | G22: FACILITY | I22: 209 | J22: 209 | K22: 239 | L22: 239 | M22: 239 | N22: 239 | O22: 239 | P22: 239 | Q22: 239 | R22: 239
B23: BEAV-TR01-230.0-115.0-13.8-HX | C23: BEAVER CREEK EAST SUBSTATION | D23: 70399 | E23: 70397 | F23: Cardinal | G23: BUSBAR_SECTION | H23: 115 | I23: 209 | J23: 209 | K23: 243 | L23: 243 | M23: 243 | N23: 249 | O23: 249 | P23: 276 | Q23: 276 | R23: 276
B24: BEAV-TR01-230.0-115.0-13.8-HX | C24: BEAVER CREEK EAST SUBSTATION | D24: 70399 | E24: 70397 | F24: TR01 | G24: TRANSFORMER | H24: 115 | I24: 221 | J24: 254 | K24: 265 | L24: 276 | M24: 298 | N24: 243 | O24: 276 | P24: 287 | Q24: 298 | R24: 319
B25: BEAV-TR01-230.0-115.0-13.8-HX | C25: BEAVER CREEK EAST SUBSTATION | D25: 70399 | E25: 70397 | F25: TR01 | G25: TRANSFORMER | H25: 230 | I25: 221 | J25: 254 | K25: 265 | L25: 276 | M25: 298 | N25: 243 | O25: 276 | P25: 287 | Q25: 298 | R25: 319
B26: BEAV-TR01-230.0-115.0-13.8-HX | C26: BEAVER CREEK EAST SUBSTATION | D26: 70399 | E26: 70397 | F26: TR01 X 11 12 13 | G26: CURRENT_TRANSFORMER | H26: 115 | I26: 239 | J26: 239 | K26: 239 | L26: 239 | M26: 239 | N26: 239 | O26: 239 | P26: 239 | Q26: 239 | R26: 239
B27: BEAV-TR01-230.0-115.0-13.8-HX | C27: BEAVER CREEK EAST SUBSTATION | D27: 70399 | E27: 70397 | F27: DG-2 115KV | G27: SECONDARY_CURRENT_LIMITATION | H27: 115 | I27: 239 | J27: 239 | K27: 239 | L27: 239 | M27: 239 | N27: 239 | O27: 239 | P27: 239 | Q27: 239 | R27: 239
B28: BEAV-TR01-230.0-115.0-13.8-HX | C28: BEAVER CREEK EAST SUBSTATION | D28: 70399 | E28: 70397 | F28: TR01 AMP XDCR | G28: SECONDARY_CURRENT_LIMITATION | H28: 115 | I28: 239 | J28: 239 | K28: 239 | L28: 239 | M28: 239 | N28: 239 | O28: 239 | P28: 239 | Q28: 239 | R28: 239
B29: BEAV-TR01-230.0-115.0-13.8-HX | C29: BEAVER CREEK EAST SUBSTATION | D29: 70399 | E29: 70397 | F29: TR01 X 8 9 10 | G29: CURRENT_TRANSFORMER | H29: 115 | I29: 239 | J29: 239 | K29: 239 | L29: 239 | M29: 239 | N29: 239 | O29: 239 | P29: 239 | Q29: 239 | R29: 239
B30: BLUE-TR01-230.0-115.0-13.8-HX | C30: BLUE RIVER SUBSTATION | D30: 70053 | E30: 70052 | F30: BLUE-TR01-230.0-115.0-13.8-HX | G30: FACILITY | I30: 163 | J30: 176 | K30: 196 | L30: 204 | M30: 206 | N30: 180 | O30: 204 | P30: 212 | Q30: 220 | R30: 235
B31: BLUE-TR01-230.0-115.0-13.8-HX | C31: BLUE RIVER SUBSTATION | D31: 70053 | E31: 70052 | F31: TR01 | G31: TRANSFORMER | H31: 230 | I31: 163 | J31: 188 | K31: 196 | L31: 204 | M31: 220 | N31: 180 | O31: 204 | P31: 212 | Q31: 220 | R31: 245
B32: BLUE-TR01-230.0-115.0-13.8-HX | C32: BLUE RIVER SUBSTATION | D32: 70053 | E32: 70052 | F32: TR01 | G32: TRANSFORMER | H32: 115 | I32: 163 | J32: 188 | K32: 196 | L32: 204 | M32: 220 | N32: 180 | O32: 204 | P32: 212 | Q32: 220 | R32: 245
B33: BLUE-TR01-230.0-115.0-13.8-HX | C33: BLUE RIVER SUBSTATION | D33: 70053 | E33: 70052 | F33: Arbutus | G33: BUSBAR_SECTION | H33: 115 | I33: 176 | J33: 176 | K33: 206 | L33: 206 | M33: 206 | N33: 210 | O33: 210 | P33: 235 | Q33: 235 | R33: 235
B34: BOON-TR01-230.0-115.0-13.8-HX | C34: BOONE SUBSTATION | D34: 70061 | E34: 70060 | F34: BOON-TR01-230.0-115.0-13.8-HX | G34: FACILITY | I34: 147 | J34: 147 | K34: 159 | L34: 159 | M34: 159 | N34: 159 | O34: 159 | P34: 159 | Q34: 159 | R34: 159
B35: BOON-TR01-230.0-115.0-13.8-HX | C35: BOONE SUBSTATION | D35: 70061 | E35: 70060 | F35: TR01 | G35: TRANSFORMER | H35: 115 | I35: 147 | J35: 147 | K35: 159 | L35: 159 | M35: 159 | N35: 159 | O35: 159 | P35: 159 | Q35: 159 | R35: 159
B36: BOON-TR01-230.0-115.0-13.8-HX | C36: BOONE SUBSTATION | D36: 70061 | E36: 70060 | F36: TR01 | G36: TRANSFORMER | H36: 230 | I36: 147 | J36: 147 | K36: 169 | L36: 184 | M36: 191 | N36: 176 | O36: 176 | P36: 191 | Q36: 206 | R36: 214
B37: BRIC-TR01-230.0-115.0-15.0-HX | C37: BRICK CENTER | D37: 70545 | E37: 70546 | F37: BRIC-TR01-230.0-115.0-15.0-HX | G37: FACILITY | I37: 226 | J37: 239 | K37: 239 | L37: 239 | M37: 239 | N37: 239 | O37: 239 | P37: 239 | Q37: 239 | R37: 239
B38: BRIC-TR01-230.0-115.0-15.0-HX | C38: BRICK CENTER | D38: 70545 | E38: 70546 | F38: TR01 | G38: TRANSFORMER | H38: 115 | I38: 226 | J38: 260 | K38: 271 | L38: 282 | M38: 305 | N38: 249 | O38: 282 | P38: 294 | Q38: 305 | R38: 339
B39: BRIC-TR01-230.0-115.0-15.0-HX | C39: BRICK CENTER | D39: 70545 | E39: 70546 | F39: TR01 | G39: TRANSFORMER | H39: 230 | I39: 226 | J39: 260 | K39: 271 | L39: 283 | M39: 305 | N39: 249 | O39: 283 | P39: 294 | Q39: 305 | R39: 339
B40: BRIC-TR01-230.0-115.0-15.0-HX | C40: BRICK CENTER | D40: 70545 | E40: 70546 | F40: 9971 MU B | G40: CURRENT_TRANSFORMER | H40: 115 | I40: 239 | J40: 239 | K40: 239 | L40: 239 | M40: 239 | N40: 239 | O40: 239 | P40: 239 | Q40: 239 | R40: 239
B41: BRIC-TR01-230.0-115.0-15.0-HX | C41: BRICK CENTER | D41: 70545 | E41: 70546 | F41: 9971 MU A | G41: CURRENT_TRANSFORMER | H41: 115 | I41: 239 | J41: 239 | K41: 239 | L41: 239 | M41: 239 | N41: 239 | O41: 239 | P41: 239 | Q41: 239 | R41: 239
B42: BRIC-TR01-230.0-115.0-15.0-HX | C42: BRICK CENTER | D42: 70545 | E42: 70546 | F42: 9971 | G42: BREAKER | H42: 115 | I42: 239 | J42: 239 | K42: 239 | L42: 239 | M42: 239 | N42: 239 | O42: 239 | P42: 239 | Q42: 239 | R42: 239
B43: BRIC-TR01-230.0-115.0-15.0-HX | C43: BRICK CENTER | D43: 70545 | E43: 70546 | F43: 9971 MU C | G43: CURRENT_TRANSFORMER | H43: 115 | I43: 239 | J43: 239 | K43: 239 | L43: 239 | M43: 239 | N43: 239 | O43: 239 | P43: 239 | Q43: 239 | R43: 239
B44: CABI-TR01-230.0-115.0-11.5-HX | C44: CABIN CREEK HYDRO SUBSTATION | D44: 70072 | E44: 70071 | F44: CABI-TR01-230.0-115.0-11.5-HX | G44: FACILITY | I44: 54 | J44: 54 | K44: 62 | L44: 65 | M44: 68 | N44: 60 | O44: 60 | P44: 68 | Q44: 71 | R44: 73
B45: CABI-TR01-230.0-115.0-11.5-HX | C45: CABIN CREEK HYDRO SUBSTATION | D45: 70072 | E45: 70071 | F45: TR01 | G45: TRANSFORMER | H45: 115 | I45: 54 | J45: 54 | K45: 62 | L45: 65 | M45: 68 | N45: 60 | O45: 60 | P45: 68 | Q45: 71 | R45: 73
B46: CABI-TR01-230.0-115.0-11.5-HX | C46: CABIN CREEK HYDRO SUBSTATION | D46: 70072 | E46: 70071 | F46: TR01 | G46: TRANSFORMER | H46: 230 | I46: 54 | J46: 54 | K46: 62 | L46: 65 | M46: 68 | N46: 60 | O46: 60 | P46: 68 | Q46: 71 | R46: 73
B47: CABI-TR02-230.0-115.0-11.5-HX | C47: CABIN CREEK HYDRO SUBSTATION | D47: 70072 | E47: 70071 | F47: CABI-TR02-230.0-115.0-11.5-HX | G47: FACILITY | I47: 60 | J47: 60 | K47: 69 | L47: 72 | M47: 75 | N47: 66 | O47: 66 | P47: 75 | Q47: 78 | R47: 81
B48: CABI-TR02-230.0-115.0-11.5-HX | C48: CABIN CREEK HYDRO SUBSTATION | D48: 70072 | E48: 70071 | F48: TR02 | G48: TRANSFORMER | H48: 230 | I48: 60 | J48: 60 | K48: 69 | L48: 72 | M48: 75 | N48: 66 | O48: 66 | P48: 75 | Q48: 78 | R48: 81
B49: CABI-TR02-230.0-115.0-11.5-HX | C49: CABIN CREEK HYDRO SUBSTATION | D49: 70072 | E49: 70071 | F49: TR02 | G49: TRANSFORMER | H49: 115 | I49: 60 | J49: 60 | K49: 69 | L49: 72 | M49: 75 | N49: 66 | O49: 66 | P49: 75 | Q49: 78 | R49: 81
B50: CHAM-TR01-230.0-115.0-13.8-HX | C50: CHAMBERS SUBSTATION | D50: 70539 | E50: 70538 | F50: CHAM-TR01-230.0-115.0-13.8-HX | G50: FACILITY | I50: 280 | J50: 319 | K50: 319 | L50: 319 | M50: 319 | N50: 308 | O50: 319 | P50: 319 | Q50: 319 | R50: 319
B51: CHAM-TR01-230.0-115.0-13.8-HX | C51: CHAMBERS SUBSTATION | D51: 70539 | E51: 70538 | F51: TR01 | G51: TRANSFORMER | H51: 115 | I51: 280 | J51: 322 | K51: 336 | L51: 350 | M51: 378 | N51: 308 | O51: 350 | P51: 364 | Q51: 378 | R51: 420
B52: CHAM-TR01-230.0-115.0-13.8-HX | C52: CHAMBERS SUBSTATION | D52: 70539 | E52: 70538 | F52: TR01 | G52: TRANSFORMER | H52: 230 | I52: 280 | J52: 322 | K52: 336 | L52: 350 | M52: 378 | N52: 308 | O52: 350 | P52: 364 | Q52: 378 | R52: 420
B53: CHAM-TR01-230.0-115.0-13.8-HX | C53: CHAMBERS SUBSTATION | D53: 70539 | E53: 70538 | F53: 9544_246X_PK-2-1 | G53: SECONDARY_CURRENT_LIMITATION | H53: 115 | I53: 319 | J53: 319 | K53: 319 | L53: 319 | M53: 319 | N53: 319 | O53: 319 | P53: 319 | Q53: 319 | R53: 319
B54: CHAM-TR01-230.0-115.0-13.8-HX | C54: CHAMBERS SUBSTATION | D54: 70539 | E54: 70538 | F54: 9544 246X | G54: CURRENT_TRANSFORMER | H54: 115 | I54: 319 | J54: 319 | K54: 319 | L54: 319 | M54: 319 | N54: 319 | O54: 319 | P54: 319 | Q54: 319 | R54: 319
B55: CHAM-TR01-230.0-115.0-13.8-HX | C55: CHAMBERS SUBSTATION | D55: 70539 | E55: 70538 | F55: 9543_246X_PK-2-1 | G55: SECONDARY_CURRENT_LIMITATION | H55: 115 | I55: 319 | J55: 319 | K55: 319 | L55: 319 | M55: 319 | N55: 319 | O55: 319 | P55: 319 | Q55: 319 | R55: 319
B56: CHAM-TR01-230.0-115.0-13.8-HX | C56: CHAMBERS SUBSTATION | D56: 70539 | E56: 70538 | F56: 9543 246Y | G56: CURRENT_TRANSFORMER | H56: 115 | I56: 319 | J56: 319 | K56: 319 | L56: 319 | M56: 319 | N56: 319 | O56: 319 | P56: 319 | Q56: 319 | R56: 319
B57: CHAM-TR01-230.0-115.0-13.8-HX | C57: CHAMBERS SUBSTATION | D57: 70539 | E57: 70538 | F57: 9544_246Y_PK-2-2 | G57: SECONDARY_CURRENT_LIMITATION | H57: 115 | I57: 319 | J57: 319 | K57: 319 | L57: 319 | M57: 319 | N57: 319 | O57: 319 | P57: 319 | Q57: 319 | R57: 319
B58: CHAM-TR01-230.0-115.0-13.8-HX | C58: CHAMBERS SUBSTATION | D58: 70539 | E58: 70538 | F58: 9543 246X | G58: CURRENT_TRANSFORMER | H58: 115 | I58: 319 | J58: 319 | K58: 319 | L58: 319 | M58: 319 | N58: 319 | O58: 319 | P58: 319 | Q58: 319 | R58: 319
B59: CHAM-TR01-230.0-115.0-13.8-HX | C59: CHAMBERS SUBSTATION | D59: 70539 | E59: 70538 | F59: 9543_246Y_PK-2-2 | G59: SECONDARY_CURRENT_LIMITATION | H59: 115 | I59: 319 | J59: 319 | K59: 319 | L59: 319 | M59: 319 | N59: 319 | O59: 319 | P59: 319 | Q59: 319 | R59: 319
B60: CHAM-TR01-230.0-115.0-13.8-HX | C60: CHAMBERS SUBSTATION | D60: 70539 | E60: 70538 | F60: 9544 246Y | G60: CURRENT_TRANSFORMER | H60: 115 | I60: 319 | J60: 319 | K60: 319 | L60: 319 | M60: 319 | N60: 319 | O60: 319 | P60: 319 | Q60: 319 | R60: 319
B61: CHAM-TR02-230.0-115.0-13.8-HX | C61: CHAMBERS SUBSTATION | D61: 70539 | E61: 70538 | F61: CHAM-TR02-230.0-115.0-13.8-HX | G61: FACILITY | I61: 280 | J61: 319 | K61: 319 | L61: 319 | M61: 319 | N61: 308 | O61: 319 | P61: 319 | Q61: 319 | R61: 319
B62: CHAM-TR02-230.0-115.0-13.8-HX | C62: CHAMBERS SUBSTATION | D62: 70539 | E62: 70538 | F62: TR02 | G62: TRANSFORMER | H62: 230 | I62: 280 | J62: 322 | K62: 336 | L62: 350 | M62: 378 | N62: 308 | O62: 350 | P62: 364 | Q62: 378 | R62: 420
B63: CHAM-TR02-230.0-115.0-13.8-HX | C63: CHAMBERS SUBSTATION | D63: 70539 | E63: 70538 | F63: TR02 | G63: TRANSFORMER | H63: 115 | I63: 280 | J63: 322 | K63: 336 | L63: 350 | M63: 378 | N63: 308 | O63: 350 | P63: 364 | Q63: 378 | R63: 420
B64: CHAM-TR02-230.0-115.0-13.8-HX | C64: CHAMBERS SUBSTATION | D64: 70539 | E64: 70538 | F64: 9175 135Y | G64: CURRENT_TRANSFORMER | H64: 115 | I64: 319 | J64: 319 | K64: 319 | L64: 319 | M64: 319 | N64: 319 | O64: 319 | P64: 319 | Q64: 319 | R64: 319
B65: CHAM-TR02-230.0-115.0-13.8-HX | C65: CHAMBERS SUBSTATION | D65: 70539 | E65: 70538 | F65: 9178_135X_PK-2-4 | G65: SECONDARY_CURRENT_LIMITATION | H65: 115 | I65: 319 | J65: 319 | K65: 319 | L65: 319 | M65: 319 | N65: 319 | O65: 319 | P65: 319 | Q65: 319 | R65: 319
B66: CHAM-TR02-230.0-115.0-13.8-HX | C66: CHAMBERS SUBSTATION | D66: 70539 | E66: 70538 | F66: 9178_135Y_PK-2-3 | G66: SECONDARY_CURRENT_LIMITATION | H66: 115 | I66: 319 | J66: 319 | K66: 319 | L66: 319 | M66: 319 | N66: 319 | O66: 319 | P66: 319 | Q66: 319 | R66: 319
B67: CHAM-TR02-230.0-115.0-13.8-HX | C67: CHAMBERS SUBSTATION | D67: 70539 | E67: 70538 | F67: 9175_135X_PK-2-4 | G67: SECONDARY_CURRENT_LIMITATION | H67: 115 | I67: 319 | J67: 319 | K67: 319 | L67: 319 | M67: 319 | N67: 319 | O67: 319 | P67: 319 | Q67: 319 | R67: 319
B68: CHAM-TR02-230.0-115.0-13.8-HX | C68: CHAMBERS SUBSTATION | D68: 70539 | E68: 70538 | F68: 9178 135X | G68: CURRENT_TRANSFORMER | H68: 115 | I68: 319 | J68: 319 | K68: 319 | L68: 319 | M68: 319 | N68: 319 | O68: 319 | P68: 319 | Q68: 319 | R68: 319
B69: CHAM-TR02-230.0-115.0-13.8-HX | C69: CHAMBERS SUBSTATION | D69: 70539 | E69: 70538 | F69: 9178 135Y | G69: CURRENT_TRANSFORMER | H69: 115 | I69: 319 | J69: 319 | K69: 319 | L69: 319 | M69: 319 | N69: 319 | O69: 319 | P69: 319 | Q69: 319 | R69: 319
B70: CHAM-TR02-230.0-115.0-13.8-HX | C70: CHAMBERS SUBSTATION | D70: 70539 | E70: 70538 | F70: 9175 135X | G70: CURRENT_TRANSFORMER | H70: 115 | I70: 319 | J70: 319 | K70: 319 | L70: 319 | M70: 319 | N70: 319 | O70: 319 | P70: 319 | Q70: 319 | R70: 319
B71: CHAM-TR02-230.0-115.0-13.8-HX | C71: CHAMBERS SUBSTATION | D71: 70539 | E71: 70538 | F71: 9175_135Y_PK-2-3 | G71: SECONDARY_CURRENT_LIMITATION | H71: 115 | I71: 319 | J71: 319 | K71: 319 | L71: 319 | M71: 319 | N71: 319 | O71: 319 | P71: 319 | Q71: 319 | R71: 319
B72: CHER-TR01-230.0-115.0-13.8-HX | C72: CHEROKEE SWITCHYARD SUBSTATION | D72: 70107 | E72: 70108 | F72: CHER-TR01-230.0-115.0-13.8-HX | G72: FACILITY | I72: 280 | J72: 280 | K72: 317 | L72: 317 | M72: 317 | N72: 308 | O72: 308 | P72: 350 | Q72: 361 | R72: 361
B73: CHER-TR01-230.0-115.0-13.8-HX | C73: CHEROKEE SWITCHYARD SUBSTATION | D73: 70107 | E73: 70108 | F73: TR01 | G73: TRANSFORMER | H73: 230 | I73: 280 | J73: 280 | K73: 322 | L73: 336 | M73: 350 | N73: 308 | O73: 308 | P73: 350 | Q73: 364 | R73: 378
B74: CHER-TR01-230.0-115.0-13.8-HX | C74: CHEROKEE SWITCHYARD SUBSTATION | D74: 70107 | E74: 70108 | F74: TR01 | G74: TRANSFORMER | H74: 115 | I74: 280 | J74: 280 | K74: 322 | L74: 336 | M74: 350 | N74: 308 | O74: 308 | P74: 350 | Q74: 364 | R74: 378
B75: CHER-TR01-230.0-115.0-13.8-HX | C75: CHEROKEE SWITCHYARD SUBSTATION | D75: 70107 | E75: 70108 | F75: Bittern | G75: BUSBAR_SECTION | H75: 115 | I75: 288 | J75: 288 | K75: 317 | L75: 317 | M75: 317 | N75: 328 | O75: 328 | P75: 361 | Q75: 361 | R75: 361
B76: CHER-TR02-230.0-115.0-13.8-HX | C76: CHEROKEE SWITCHYARD SUBSTATION | D76: 70107 | E76: 70108 | F76: CHER-TR02-230.0-115.0-13.8-HX | G76: FACILITY | I76: 280 | J76: 280 | K76: 322 | L76: 336 | M76: 350 | N76: 308 | O76: 308 | P76: 350 | Q76: 364 | R76: 378
B77: CHER-TR02-230.0-115.0-13.8-HX | C77: CHEROKEE SWITCHYARD SUBSTATION | D77: 70107 | E77: 70108 | F77: TR02 | G77: TRANSFORMER | H77: 230 | I77: 280 | J77: 280 | K77: 322 | L77: 336 | M77: 350 | N77: 308 | O77: 308 | P77: 350 | Q77: 364 | R77: 378
B78: CHER-TR02-230.0-115.0-13.8-HX | C78: CHEROKEE SWITCHYARD SUBSTATION | D78: 70107 | E78: 70108 | F78: TR02 | G78: TRANSFORMER | H78: 115 | I78: 280 | J78: 280 | K78: 322 | L78: 336 | M78: 350 | N78: 308 | O78: 308 | P78: 350 | Q78: 364 | R78: 378
B79: COMA-TR01-230.0-115.0-13.8-HX | C79: COMANCHE SUBSTATION | D79: 70122 | E79: 70121 | F79: COMA-TR01-230.0-115.0-13.8-HX | G79: FACILITY | I79: 280 | J79: 319 | K79: 319 | L79: 319 | M79: 319 | N79: 308 | O79: 319 | P79: 319 | Q79: 319 | R79: 319
B80: COMA-TR01-230.0-115.0-13.8-HX | C80: COMANCHE SUBSTATION | D80: 70122 | E80: 70121 | F80: TR01 | G80: TRANSFORMER | H80: 230 | I80: 280 | J80: 322 | K80: 336 | L80: 350 | M80: 378 | N80: 308 | O80: 350 | P80: 364 | Q80: 378 | R80: 420
B81: COMA-TR01-230.0-115.0-13.8-HX | C81: COMANCHE SUBSTATION | D81: 70122 | E81: 70121 | F81: TR01 | G81: TRANSFORMER | H81: 115 | I81: 280 | J81: 322 | K81: 336 | L81: 350 | M81: 378 | N81: 308 | O81: 350 | P81: 364 | Q81: 378 | R81: 420
B82: COMA-TR01-230.0-115.0-13.8-HX | C82: COMANCHE SUBSTATION | D82: 70122 | E82: 70121 | F82: 5405XDCRAMP | G82: SECONDARY_CURRENT_LIMITATION | H82: 230 | I82: 319 | J82: 319 | K82: 319 | L82: 319 | M82: 319 | N82: 319 | O82: 319 | P82: 319 | Q82: 319 | R82: 319
B83: COMA-TR01-230.0-115.0-13.8-HX | C83: COMANCHE SUBSTATION | D83: 70122 | E83: 70121 | F83: 5405W/VAR | G83: SECONDARY_CURRENT_LIMITATION | H83: 230 | I83: 319 | J83: 319 | K83: 319 | L83: 319 | M83: 319 | N83: 319 | O83: 319 | P83: 319 | Q83: 319 | R83: 319
B84: COMA-TR02-230.0-115.0-13.8-HX | C84: COMANCHE SUBSTATION | D84: 70122 | E84: 70121 | F84: COMA-TR02-230.0-115.0-13.8-HX | G84: FACILITY | I84: 280 | J84: 322 | K84: 336 | L84: 350 | M84: 378 | N84: 308 | O84: 350 | P84: 364 | Q84: 378 | R84: 420
B85: COMA-TR02-230.0-115.0-13.8-HX | C85: COMANCHE SUBSTATION | D85: 70122 | E85: 70121 | F85: TR02 | G85: TRANSFORMER | H85: 115 | I85: 280 | J85: 322 | K85: 336 | L85: 350 | M85: 378 | N85: 308 | O85: 350 | P85: 364 | Q85: 378 | R85: 420
B86: COMA-TR02-230.0-115.0-13.8-HX | C86: COMANCHE SUBSTATION | D86: 70122 | E86: 70121 | F86: TR02 | G86: TRANSFORMER | H86: 230 | I86: 280 | J86: 322 | K86: 336 | L86: 350 | M86: 378 | N86: 308 | O86: 350 | P86: 364 | Q86: 378 | R86: 420
B87: COMA-TR03-345.0-230.0-13.8-HX | C87: COMANCHE SUBSTATION | D87: 70654 | E87: 70122 | F87: COMA-TR03-345.0-230.0-13.8-HX | G87: FACILITY | I87: 560 | J87: 644 | K87: 672 | L87: 700 | M87: 756 | N87: 616 | O87: 700 | P87: 728 | Q87: 756 | R87: 840
B88: COMA-TR03-345.0-230.0-13.8-HX | C88: COMANCHE SUBSTATION | D88: 70654 | E88: 70122 | F88: TR03 | G88: TRANSFORMER | H88: 345 | I88: 560 | J88: 644 | K88: 672 | L88: 700 | M88: 756 | N88: 616 | O88: 700 | P88: 728 | Q88: 756 | R88: 840
B89: COMA-TR03-345.0-230.0-13.8-HX | C89: COMANCHE SUBSTATION | D89: 70654 | E89: 70122 | F89: TR03 | G89: TRANSFORMER | H89: 230 | I89: 560 | J89: 644 | K89: 672 | L89: 700 | M89: 756 | N89: 616 | O89: 700 | P89: 728 | Q89: 756 | R89: 840
B90: COMA-TR04-345.0-230.0-13.8-HX | C90: COMANCHE SUBSTATION | D90: 70654 | E90: 70122 | F90: COMA-TR04-345.0-230.0-13.8-HX | G90: FACILITY | I90: 560 | J90: 644 | K90: 672 | L90: 700 | M90: 756 | N90: 616 | O90: 700 | P90: 728 | Q90: 756 | R90: 765
B91: COMA-TR04-345.0-230.0-13.8-HX | C91: COMANCHE SUBSTATION | D91: 70654 | E91: 70122 | F91: TR04 | G91: TRANSFORMER | H91: 345 | I91: 560 | J91: 644 | K91: 672 | L91: 700 | M91: 756 | N91: 616 | O91: 700 | P91: 728 | Q91: 756 | R91: 840
B92: COMA-TR04-345.0-230.0-13.8-HX | C92: COMANCHE SUBSTATION | D92: 70654 | E92: 70122 | F92: TR04 | G92: TRANSFORMER | H92: 230 | I92: 560 | J92: 644 | K92: 672 | L92: 700 | M92: 756 | N92: 616 | O92: 700 | P92: 728 | Q92: 756 | R92: 840
B93: COMA-TR04-345.0-230.0-13.8-HX | C93: COMANCHE SUBSTATION | D93: 70654 | E93: 70122 | F93: 5402 PKG-BF | G93: SECONDARY_CURRENT_LIMITATION | H93: 230 | I93: 765 | J93: 765 | K93: 765 | L93: 765 | M93: 765 | N93: 765 | O93: 765 | P93: 765 | Q93: 765 | R93: 765
B94: CRAI-TR02-345.0-230.0-13.8-HX | C94: CRAIG SW YARD | D94: -1 | E94: 70009 | F94: CRAI-TR02-345.0-230.0-13.8-HX | G94: FACILITY | I94: 535 | J94: 610 | K94: 615 | L94: 637 | M94: 637 | N94: 589 | O94: 637 | P94: 637 | Q94: 637 | R94: 637
B95: CRAI-TR02-345.0-230.0-13.8-HX | C95: CRAIG SW YARD | D95: -1 | E95: 70009 | F95: TR02 | G95: TRANSFORMER | H95: 345 | I95: 535 | J95: 610 | K95: 615 | L95: 637 | M95: 637 | N95: 589 | O95: 637 | P95: 637 | Q95: 637 | R95: 637
B96: CRAI-TR02-345.0-230.0-13.8-HX | C96: CRAIG SW YARD | D96: -1 | E96: 70009 | F96: TR02 | G96: TRANSFORMER | H96: 230 | I96: 535 | J96: 610 | K96: 615 | L96: 637 | M96: 637 | N96: 589 | O96: 637 | P96: 637 | Q96: 637 | R96: 637
B97: CRAI-TR02-345.0-230.0-13.8-HX | C97: CRAIG SW YARD | D97: -1 | E97: 70009 | F97: TR2_X_C2 | G97: CURRENT_TRANSFORMER | H97: 230 | I97: 637 | J97: 637 | K97: 637 | L97: 637 | M97: 637 | N97: 637 | O97: 637 | P97: 637 | Q97: 637 | R97: 637
B98: DANI-TR01-230.0-115.0-13.8-HX | C98: DANIELS PARK 115 & 230KV SUBSTATION | D98: 70139 | E98: 70138 | F98: DANI-TR01-230.0-115.0-13.8-HX | G98: FACILITY | I98: 280 | J98: 322 | K98: 336 | L98: 350 | M98: 378 | N98: 308 | O98: 350 | P98: 364 | Q98: 378 | R98: 420
B99: DANI-TR01-230.0-115.0-13.8-HX | C99: DANIELS PARK 115 & 230KV SUBSTATION | D99: 70139 | E99: 70138 | F99: TR01 | G99: TRANSFORMER | H99: 230 | I99: 280 | J99: 322 | K99: 336 | L99: 350 | M99: 378 | N99: 308 | O99: 350 | P99: 364 | Q99: 378 | R99: 420
B100: DANI-TR01-230.0-115.0-13.8-HX | C100: DANIELS PARK 115 & 230KV SUBSTATION | D100: 70139 | E100: 70138 | F100: TR01 | G100: TRANSFORMER | H100: 115 | I100: 280 | J100: 322 | K100: 336 | L100: 350 | M100: 378 | N100: 308 | O100: 350 | P100: 364 | Q100: 378 | R100: 420
B101: DANI-TR03-345.0-230.0-13.8-HX | C101: DANIELS PARK 115 & 230KV SUBSTATION | D101: 70601 | E101: 70139 | F101: DANI-TR03-345.0-230.0-13.8-HX | G101: FACILITY | I101: 560 | J101: 644 | K101: 672 | L101: 700 | M101: 756 | N101: 616 | O101: 700 | P101: 728 | Q101: 756 | R101: 797
B102: DANI-TR03-345.0-230.0-13.8-HX | C102: DANIELS PARK 115 & 230KV SUBSTATION | D102: 70601 | E102: 70139 | F102: TR03 | G102: TRANSFORMER | H102: 230 | I102: 560 | J102: 644 | K102: 672 | L102: 700 | M102: 756 | N102: 616 | O102: 700 | P102: 728 | Q102: 756 | R102: 840
...

Sheet Transformer In Construction
D2: FAC-008-5 Transformer | H2: OPCO: PSC | M2: VALIDATION STATUS: VALID
H3: BES: Y | M3: LIFE CYCLE STATUS: IN CONSTRUCTION
B5: FACILITY DESIGNATION | C5: SUBSTATION | D5: HIGH SIDE PSSE | E5: LOWSIDE PSSE | F5: EQUIPMENT NAME | G5: EQUIPMENT TYPE | H5: VOLTAGE (kV) | I5: SN (MVA) | J5: SE8 (MVA) | K5: SE4 (MVA) | L5: SE2 (MVA) | M5: SE30 (MVA) | N5: WN (MVA) | O5: WE8 (MVA) | P5: WE4 (MVA) | Q5: WE2 (MVA) | R5: WE30 (MVA) | S5: COMMENTS
B6: RIDG-TR02-230.0-115.0-13.8-HX | C6: RIDGE SUBSTATION | D6: 70355 | E6: 70354 | F6: RIDG-TR02-230.0-115.0-13.8-HX | G6: FACILITY | I6: 260 | J6: 260 | K6: 305 | L6: 305 | M6: 305 | N6: 311 | O6: 311 | P6: 347 | Q6: 347 | R6: 347
B7: RIDG-TR02-230.0-115.0-13.8-HX | C7: RIDGE SUBSTATION | D7: 70355 | E7: 70354 | F7: 1000 - 61 | G7: BUSBAR_SECTION | H7: 115 | I7: 260 | J7: 260 | K7: 305 | L7: 305 | M7: 305 | N7: 311 | O7: 311 | P7: 347 | Q7: 347 | R7: 347
B8: RIDG-TR02-230.0-115.0-13.8-HX | C8: RIDGE SUBSTATION | D8: 70355 | E8: 70354 | F8: TR02 | G8: TRANSFORMER | H8: 115 | I8: 285 | J8: 327 | K8: 342 | L8: 356 | M8: 384 | N8: 313 | O8: 356 | P8: 370 | Q8: 384 | R8: 427
B9: RIDG-TR02-230.0-115.0-13.8-HX | C9: RIDGE SUBSTATION | D9: 70355 | E9: 70354 | F9: TR02 | G9: TRANSFORMER | H9: 230 | I9: 285 | J9: 327 | K9: 342 | L9: 356 | M9: 384 | N9: 313 | O9: 356 | P9: 370 | Q9: 384 | R9: 427
B10: SMOK-TR01-230.0-115.0-13.8-HX | C10: SMOKY HILL SUBSTATION | D10: 70396 | E10: 70395 | F10: SMOK-TR01-230.0-115.0-13.8-HX | G10: FACILITY | I10: 150 | J10: 173 | K10: 180 | L10: 188 | M10: 203 | N10: 165 | O10: 188 | P10: 195 | Q10: 203 | R10: 225
B11: SMOK-TR01-230.0-115.0-13.8-HX | C11: SMOKY HILL SUBSTATION | D11: 70396 | E11: 70395 | F11: TR01 | G11: TRANSFORMER | H11: 230 | I11: 150 | J11: 172 | K11: 180 | L11: 188 | M11: 203 | N11: 165 | O11: 188 | P11: 195 | Q11: 203 | R11: 225
B12: SMOK-TR01-230.0-115.0-13.8-HX | C12: SMOKY HILL SUBSTATION | D12: 70396 | E12: 70395 | F12: TR01 | G12: TRANSFORMER | H12: 115 | I12: 150 | J12: 173 | K12: 180 | L12: 187 | M12: 203 | N12: 165 | O12: 187 | P12: 195 | Q12: 203 | R12: 225
B13: SMOK-TR02-230.0-115.0-13.8-HX | C13: SMOKY HILL SUBSTATION | D13: 70396 | E13: 70395 | F13: SMOK-TR02-230.0-115.0-13.8-HX | G13: FACILITY | I13: 168 | J13: 168 | K13: 193 | L13: 202 | M13: 210 | N13: 185 | O13: 185 | P13: 210 | Q13: 218 | R13: 227
B14: SMOK-TR02-230.0-115.0-13.8-HX | C14: SMOKY HILL SUBSTATION | D14: 70396 | E14: 70395 | F14: TR02 | G14: TRANSFORMER | H14: 115 | I14: 168 | J14: 168 | K14: 193 | L14: 202 | M14: 210 | N14: 185 | O14: 185 | P14: 210 | Q14: 218 | R14: 227
B15: SMOK-TR02-230.0-115.0-13.8-HX | C15: SMOKY HILL SUBSTATION | D15: 70396 | E15: 70395 | F15: TR02 | G15: TRANSFORMER | H15: 230 | I15: 168 | J15: 168 | K15: 193 | L15: 202 | M15: 210 | N15: 185 | O15: 185 | P15: 210 | Q15: 218 | R15: 227
B16: TARR-TR01-230.0-115.0-13.8-HX | C16: TARRYALL SUBSTATION | D16: 70427 | E16: 70426 | F16: TARR-TR01-230.0-115.0-13.8-HX | G16: FACILITY | I16: 172 | J16: 198 | K16: 206 | L16: 215 | M16: 219 | N16: 189 | O16: 215 | P16: 219 | Q16: 219 | R16: 219
B17: TARR-TR01-230.0-115.0-13.8-HX | C17: TARRYALL SUBSTATION | D17: 70427 | E17: 70426 | F17: TR01 | G17: TRANSFORMER | H17: 115 | I17: 172 | J17: 198 | K17: 206 | L17: 215 | M17: 232 | N17: 189 | O17: 215 | P17: 223 | Q17: 232 | R17: 258
B18: TARR-TR01-230.0-115.0-13.8-HX | C18: TARRYALL SUBSTATION | D18: 70427 | E18: 70426 | F18: TR01 | G18: TRANSFORMER | H18: 230 | I18: 172 | J18: 198 | K18: 206 | L18: 215 | M18: 232 | N18: 189 | O18: 215 | P18: 223 | Q18: 232 | R18: 258
B19: TARR-TR01-230.0-115.0-13.8-HX | C19: TARRYALL SUBSTATION | D19: 70427 | E19: 70426 | F19: TR01 X BCT SB | G19: CURRENT_TRANSFORMER | H19: 115 | I19: 219 | J19: 219 | K19: 219 | L19: 219 | M19: 219 | N19: 219 | O19: 219 | P19: 219 | Q19: 219 | R19: 219

Sheet Lamar DC Tie
A1: LAMAR DC TIE AMBIENT ADJUSTED FACILITY EQUIPMENT RATINGS FAC-008-5
A2: REVISED 4/27/2021
A4: Element | B4: Rating | C4: Ambient Temp (°C) | D4: Ambient Temp (°F) | E4: - | F4: Limit (MW) | G4: Overload (P.U.) | H4: Comments | I4: References
A5: Inverter | B5: Normal | C5: N/A | D5: N/A | E5: - | F5: 210 | G5: N/A | I5: Section 6.1 of Main Circuit Parameters Document.
B6: Continuous Overload | C6: < 0 | D6: < 32 | E6: - | F6: =G6*$F$5 -> 252 | G6: 1.2 | H6: Overload values were interpolated from the "with out redundant cooling" line in the reference figure given by the manufacturer. | I6: Figure 2 in Section 6.3.1 of Main Main Circuit Parameters Document.
C7: 10 | D7: =(C7*9/5) + 32 -> 50 | E7: - | F7: =G7*$F$5 -> 242.45455 | G7: =1.2-(1.2-1)/(44)*C7 -> 1.1545455
C8: 20 | D8: =(C8*9/5) + 32 -> 68 | E8: - | F8: =G8*$F$5 -> 232.90909 | G8: =1.2-(1.2-1)/(44)*C8 -> 1.1090909
C9: 30 | D9: =(C9*9/5) + 32 -> 86 | E9: - | F9: =G9*$F$5 -> 223.36364 | G9: =1.2-(1.2-1)/(44)*C9 -> 1.0636364
C10: 40 | D10: =(C10*9/5) + 32 -> 104 | E10: - | F10: =G10*$F$5 -> 213.81818 | G10: =1.2-(1.2-1)/(44)*C10 -> 1.0181818
C11: 44 | D11: =(C11*9/5) + 32 -> 111.2 | E11: - | F11: =G11*$F$5 -> 210 | G11: =1.2-(1.2-1)/(44)*C11 -> 1
B12: 2 Hour Overload | C12: < 15 | D12: < 59 | E12: - | F12: =G12*$F$5 -> 252 | G12: 1.2 | H12: Overload values were interpolated from the "with out redundant cooling" line in the reference figure given by the manufacturer. | I12: Figure 3 in Section 6.3.2 of Main Main Circuit Parameters Document.
C13: 20 | D13: =(C13*9/5) + 32 -> 68 | E13: - | F13: =G13*$F$5 -> 244.75862 | G13: =1.2-(1.2-1)/(44-15)*(C13-15) -> 1.1655172
C14: 30 | D14: =(C14*9/5) + 32 -> 86 | E14: - | F14: =G14*$F$5 -> 230.27586 | G14: =1.2-(1.2-1)/(44-15)*(C14-15) -> 1.0965517
C15: 40 | D15: =(C15*9/5) + 32 -> 104 | E15: - | F15: =G15*$F$5 -> 215.7931 | G15: =1.2-(1.2-1)/(44-15)*(C15-15) -> 1.0275862
C16: 44 | D16: =(C16*9/5) + 32 -> 111.2 | E16: - | F16: =G16*$F$5 -> 210 | G16: =1.2-(1.2-1)/(44-15)*(C16-15) -> 1
A18: Element | B18: Rating | C18: Ambient Temp (°C) | D18: Ambient Temp (°F) | E18: High Side Limit (Amps) | F18: Limit (MVA) | G18: Overload (P.U.) | H18: Comments | I18: References
A19: 230kV Transformer | B19: Normal | C19: N/A | D19: N/A | E19: =1000*F19/(SQRT(3)*230) -> 564.79918 | F19: 225 | G19: N/A | I19: Transformer Nameplate
B20: Continuous Overload | C20: < 0 | D20: < 32 | E20: 713 | F20: =E20*230*SQRT(3)/1000 -> 284.03901 | G20: =E20/$E$19 -> 1.2623956 | H20: Overload values shown for the two transformers are slightly different based on the High Side Limits given by the manufacturer. | I20: Section 5.3 of Pole Control Design Specification Document
C21: 10 | D21: =(C21*9/5) + 32 -> 50 | E21: 688 | F21: =E21*230*SQRT(3)/1000 -> 274.07972 | G21: =E21/$E$19 -> 1.2181321
C22: 20 | D22: =(C22*9/5) + 32 -> 68 | E22: 664 | F22: =E22*230*SQRT(3)/1000 -> 264.5188 | G22: =E22/$E$19 -> 1.1756391
C23: 30 | D23: =(C23*9/5) + 32 -> 86 | E23: 639 | F23: =E23*230*SQRT(3)/1000 -> 254.55951 | G23: =E23/$E$19 -> 1.1313756
C24: 40 | D24: =(C24*9/5) + 32 -> 104 | E24: 615 | F24: =E24*230*SQRT(3)/1000 -> 244.99859 | G24: =E24/$E$19 -> 1.0888826
C25: 44 | D25: =(C25*9/5) + 32 -> 111.2 | E25: 605 | F25: =E25*230*SQRT(3)/1000 -> 241.01487 | G25: =E25/$E$19 -> 1.0711772
B26: 2 Hour Overload | C26: < 0 | D26: < 32 | E26: 713 | F26: =E26*230*SQRT(3)/1000 -> 284.03901 | G26: =E26/$E$19 -> 1.2623956 | H26: Overload values shown for the two transformers are slightly different based on the High Side Limits given by the manufacturer. | I26: Section 5.3 of Pole Control Design Specification Document
C27: 10 | D27: =(C27*9/5) + 32 -> 50 | E27: 713 | F27: =E27*230*SQRT(3)/1000 -> 284.03901 | G27: =E27/$E$19 -> 1.2623956
C28: 20 | D28: =(C28*9/5) + 32 -> 68 | E28: 694 | F28: =E28*230*SQRT(3)/1000 -> 276.46995 | G28: =E28/$E$19 -> 1.2287553
C29: 30 | D29: =(C29*9/5) + 32 -> 86 | E29: 657 | F29: =E29*230*SQRT(3)/1000 -> 261.7302 | G29: =E29/$E$19 -> 1.1632453
C30: 40 | D30: =(C30*9/5) + 32 -> 104 | E30: 620 | F30: =E30*230*SQRT(3)/1000 -> 246.99045 | G30: =E30/$E$19 -> 1.0977353
C31: 44 | D31: =(C31*9/5) + 32 -> 111.2 | E31: 605 | F31: =E31*230*SQRT(3)/1000 -> 241.01487 | G31: =E31/$E$19 -> 1.0711772
A33: Element | B33: Rating | C33: Ambient Temp (°C) | D33: Ambient Temp (°F) | E33: High Side Limit (Amps) | F33: Limit (MVA) | G33: Overload (P.U.) | H33: Comments | I33: References
A34: 345kV Transformer | B34: Normal | C34: N/A | D34: N/A | E34: =1000*F34/(SQRT(3)*345) -> 376.53278 | F34: 225 | G34: N/A | I34: Transformer Nameplate
B35: Continuous Overload | C35: < 0 | D35: < 32 | E35: 475 | F35: =E35*345*SQRT(3)/1000 -> 283.83983 | G35: =E35/$E$34 -> 1.2615103 | H35: Overload values shown for the two transformers are slightly different based on the High Side Limits given by the manufacturer. | I35: Section 5.3 of Pole Control Design Specification Document
C36: 10 | D36: =(C36*9/5) + 32 -> 50 | E36: 459 | F36: =E36*345*SQRT(3)/1000 -> 274.27891 | G36: =E36/$E$34 -> 1.2190174
C37: 20 | D37: =(C37*9/5) + 32 -> 68 | E37: 442 | F37: =E37*345*SQRT(3)/1000 -> 264.12043 | G37: =E37/$E$34 -> 1.1738686
C38: 30 | D38: =(C38*9/5) + 32 -> 86 | E38: 426 | F38: =E38*345*SQRT(3)/1000 -> 254.55951 | G38: =E38/$E$34 -> 1.1313756
C39: 40 | D39: =(C39*9/5) + 32 -> 104 | E39: 410 | F39: =E39*345*SQRT(3)/1000 -> 244.99859 | G39: =E39/$E$34 -> 1.0888826
C40: 44 | D40: =(C40*9/5) + 32 -> 111.2 | E40: 403 | F40: =E40*345*SQRT(3)/1000 -> 240.81568 | G40: =E40/$E$34 -> 1.0702919
B41: 2 Hour Overload | C41: < 0 | D41: < 32 | E41: 475 | F41: =E41*345*SQRT(3)/1000 -> 283.83983 | G41: =E41/$E$34 -> 1.2615103 | H41: Overload values shown for the two transformers are slightly different based on the High Side Limits given by the manufacturer. | I41: Section 5.3 of Pole Control Design Specification Document
C42: 10 | D42: =(C42*9/5) + 32 -> 50 | E42: 475 | F42: =E42*345*SQRT(3)/1000 -> 283.83983 | G42: =E42/$E$34 -> 1.2615103
C43: 20 | D43: =(C43*9/5) + 32 -> 68 | E43: 463 | F43: =E43*345*SQRT(3)/1000 -> 276.66914 | G43: =E43/$E$34 -> 1.2296406
C44: 30 | D44: =(C44*9/5) + 32 -> 86 | E44: 438 | F44: =E44*345*SQRT(3)/1000 -> 261.7302 | G44: =E44/$E$34 -> 1.1632453
C45: 40 | D45: =(C45*9/5) + 32 -> 104 | E45: 413 | F45: =E45*345*SQRT(3)/1000 -> 246.79126 | G45: =E45/$E$34 -> 1.09685
C46: 44 | D46: =(C46*9/5) + 32 -> 111.2 | E46: 403 | F46: =E46*345*SQRT(3)/1000 -> 240.81568 | G46: =E46/$E$34 -> 1.0702919
A49: REFERENCES | C49: PROJECTWISE LINK
A50: Main Circuit Parameters | C50: 030808_T01_01_05_001_MainCircuitParametersRev1
A51: Pole Control Design Specification | C51: Pole control_design spec_rev2.pdf
A52: 345kV Transformer nameplate | C52: A736 - Lamar HVDC 345kV 75MVA 1PH
A53: 230kV Transofmer nameplate | C53: A735 - Lamar HVDC 230kV 75MVA 1PH

Sheet Ambient Adjusted Ratings
A2: SUBSTATION / TRANSMISSION AMBIENT ADJUSTED FACILITY EQUIPMENT RATINGS FAC-008-5
A3: NUMERICAL LISTING BY CIRCUIT NUMBER
AD5: Bus Rating
A6: SUBSTATION / TRANSMISSION FACILITY EQUIPMENT RATINGS FAC-008-3 Revision 2018-04 August, 2018 | F6: Transmission & Substation Equipment Rating for T-line | R6: Next Limiting Element | AD6: Substation | AE6: Bus / Line Breaker Rating | AO6: Breaker 2 Rating | AY6: Breaker 3 Rating
A7: Line # | B7: kV | C7: From | D7: To | E7: Ambient Outside Temperature ( °F ) | F7: Source Of Limiting Element | G7: Limiting Element | H7: Summer | L7: Source Of Limiting Element | M7: Limiting Element | N7: Winter | R7: Source Of Limiting Element | S7: Limiting Element | T7: Summer | X7: Source Of Limiting Element | Y7: Limiting Element | Z7: Winter | AE7: Line Bkr # | AF7: Limiting Element | AG7: Summer | AI7: Winter | AK7: Summer | AM7: Winter | AO7: Bkr # | AP7: Limiting Element | AQ7: Summer | AS7: Winter | AU7: Summer | AW7: Winter | AY7: Bkr # | AZ7: Limiting Element | BA7: Summer | BC7: Winter | BE7: Summer | BG7: Winter | BI7: Jointly Owned
H8: Normal Rating MVA | I8: Emerg. Rating MVA | J8: Normal Rating Amps | K8: Emerg. Rating Amps | N8: Normal Rating MVA | O8: Emerg. Rating MVA | P8: Normal Rating Amps | Q8: Emerg. Rating Amps | T8: Normal Rating MVA | U8: Emerg. Rating MVA | V8: Normal Rating Amps | W8: Emerg. Rating Amps | Z8: Normal Rating MVA | AA8: Emerg. Rating MVA | AB8: Normal Rating Amps | AC8: Emerg. Rating Amps | AG8: Normal Rating MVA | AH8: Emerg. Rating MVA | AI8: Normal Rating MVA | AJ8: Emerg. Rating MVA | AK8: Normal Rating Amps | AL8: Emerg. Rating Amps | AM8: Normal Rating Amps | AN8: Emerg. Rating Amps | AQ8: Normal Rating MVA | AR8: Emerg. Rating MVA | AS8: Normal Rating MVA | AT8: Emerg. Rating MVA | AU8: Normal Rating Amps | AV8: Emerg. Rating Amps | AW8: Normal Rating Amps | AX8: Emerg. Rating Amps | BA8: Normal Rating MVA | BB8: Emerg. Rating MVA | BC8: Normal Rating MVA | BD8: Emerg. Rating MVA | BE8: Normal Rating Amps | BF8: Emerg. Rating Amps | BG8: Normal Rating Amps | BH8: Emerg. Rating Amps | BI8: PSCo | BJ8: PRPA | BK8: TSGT | BL8: WAPA | BM8: Other | BN8: Comments | BO8: Revision Date
A9: 9255 | B9: 115 | C9: Malta Sub. | D9: Twin Lakes Tap | E9: 104 | F9: Transmission Line | G9: T-Line Conductor | H9: =(115*J9*SQRT(3))/1000 -> 111.54407 | I9: =(115*K9*SQRT(3))/1000 -> 111.54407 | J9: 560 | K9: 560 | BI9: X | BN9: Converted to GIST2 | BO9: 42520
E10: 100 | F10: Transmission Line | G10: T-Line Conductor | H10: =(115*J10*SQRT(3))/1000 -> 117.32046 | I10: =(115*K10*SQRT(3))/1000 -> 117.32046 | J10: 589 | K10: 589
E11: 90 | F11: Transmission Line | G11: T-Line Conductor | H11: =(115*J11*SQRT(3))/1000 -> 130.8651 | I11: =(115*K11*SQRT(3))/1000 -> 130.8651 | J11: 657 | K11: 657
E12: 80 | F12: Transmission Line | G12: T-Line Conductor | H12: =(115*J12*SQRT(3))/1000 -> 143.21462 | I12: =(115*K12*SQRT(3))/1000 -> 143.21462 | J12: 719 | K12: 719
E13: 75 | F13: Transmission Line | G13: T-Line Conductor | H13: =(115*J13*SQRT(3))/1000 -> 148.79182 | I13: =(115*K13*SQRT(3))/1000 -> 148.79182 | J13: 747 | K13: 747 | L13: Transmission Line | M13: T-Line Conductor | N13: =(115*P13*SQRT(3))/1000 -> 149.38938 | O13: =(115*Q13*SQRT(3))/1000 -> 149.38938 | P13: 750 | Q13: 750
E14: 70 | F14: Transmission Line | G14: T-Line Conductor | H14: =(115*J14*SQRT(3))/1000 -> 154.36903 | I14: =(115*K14*SQRT(3))/1000 -> 154.36903 | J14: 775 | K14: 775 | L14: Transmission Line | M14: T-Line Conductor | N14: =(115*P14*SQRT(3))/1000 -> 154.7674 | O14: =(115*Q14*SQRT(3))/1000 -> 154.7674 | P14: 777 | Q14: 777
E15: 60 | F15: Transmission Line | G15: T-Line Conductor | H15: =(115*J15*SQRT(3))/1000 -> 164.72669 | I15: =(115*K15*SQRT(3))/1000 -> 164.72669 | J15: 827 | K15: 827 | L15: Transmission Line | M15: T-Line Conductor | N15: =(115*P15*SQRT(3))/1000 -> 165.12506 | O15: =(115*Q15*SQRT(3))/1000 -> 165.12506 | P15: 829 | Q15: 829
E16: 50 | F16: Transmission Line | G16: T-Line Conductor | H16: 174 | I16: =(115*K16*SQRT(3))/1000 -> 174.4868 | J16: 876 | K16: 876 | L16: Transmission Line | M16: T-Line Conductor | N16: =(115*P16*SQRT(3))/1000 -> 174.88517 | O16: =(115*Q16*SQRT(3))/1000 -> 174.88517 | P16: 878 | Q16: 878
E17: 40 | F17: Transmission Line | G17: T-Line Conductor | H17: 184 | I17: =(115*K17*SQRT(3))/1000 -> 183.64935 | J17: 922 | K17: 922 | L17: Transmission Line | M17: T-Line Conductor | N17: =(115*P17*SQRT(3))/1000 -> 184.04772 | O17: =(115*Q17*SQRT(3))/1000 -> 184.04772 | P17: 924 | Q17: 924
E18: 30 | F18: Transmission Line | G18: T-Line Conductor | H18: 192 | I18: =(115*K18*SQRT(3))/1000 -> 192.41352 | J18: 966 | K18: 966 | L18: Transmission Line | M18: T-Line Conductor | N18: =(115*P18*SQRT(3))/1000 -> 192.8119 | O18: =(115*Q18*SQRT(3))/1000 -> 192.8119 | P18: 968 | Q18: 968
E19: 20 | F19: Transmission Line | G19: T-Line Conductor | H19: 201 | I19: 201 | J19: 1007 | K19: 1007 | L19: Transmission Line | M19: T-Line Conductor | N19: 201 | O19: 201 | P19: 1009 | Q19: 1009
E20: 10 | F20: Transmission Line | G20: T-Line Conductor | H20: 209 | I20: 209 | J20: 1047 | K20: 1047 | L20: Transmission Line | M20: T-Line Conductor | N20: 209 | O20: 209 | P20: 1049 | Q20: 1049
E21: 0 | F21: Transmission Line | G21: T-Line Conductor | H21: 216 | I21: 216 | J21: 1085 | K21: 1085 | L21: Transmission Line | M21: T-Line Conductor | N21: 217 | O21: 217 | P21: 1087 | Q21: 1087
A22: 9255 | B22: 115 | C22: Otero Pumping Station Tap | D22: Buena Vista Tap | E22: 104 | F22: Transmission Line | G22: T-Line Conductor | H22: =(115*J22*SQRT(3))/1000 -> 121.50336 | I22: =(115*K22*SQRT(3))/1000 -> 121.50336 | J22: 610 | K22: 610 | BI22: X | BN22: New Rating From Transmission | BO22: 41283
E23: 100 | F23: Transmission Line | G23: T-Line Conductor | H23: =(115*J23*SQRT(3))/1000 -> 126.88138 | I23: =(115*K23*SQRT(3))/1000 -> 126.88138 | J23: 637 | K23: 637
E24: 90 | F24: Transmission Line | G24: T-Line Conductor | H24: =(115*J24*SQRT(3))/1000 -> 139.03172 | I24: =(115*K24*SQRT(3))/1000 -> 139.03172 | J24: 698 | K24: 698
E25: 80 | F25: Transmission Line | G25: T-Line Conductor | H25: =(115*J25*SQRT(3))/1000 -> 150.38531 | I25: =(115*K25*SQRT(3))/1000 -> 150.38531 | J25: 755 | K25: 755
E26: 75 | F26: Transmission Line | G26: T-Line Conductor | H26: =(115*J26*SQRT(3))/1000 -> 155.56414 | I26: =(115*K26*SQRT(3))/1000 -> 155.56414 | J26: 781 | K26: 781 | L26: Transmission Line | M26: T-Line Conductor | N26: =(115*P26*SQRT(3))/1000 -> 156.1617 | O26: =(115*Q26*SQRT(3))/1000 -> 156.1617 | P26: 784 | Q26: 784
E27: 70 | F27: Transmission Line | G27: T-Line Conductor | H27: =(115*J27*SQRT(3))/1000 -> 160.74298 | I27: =(115*K27*SQRT(3))/1000 -> 160.74298 | J27: 807 | K27: 807 | L27: Transmission Line | M27: T-Line Conductor | N27: =(115*P27*SQRT(3))/1000 -> 161.14135 | O27: =(115*Q27*SQRT(3))/1000 -> 161.14135 | P27: 809 | Q27: 809
E28: 60 | F28: Transmission Line | G28: T-Line Conductor | H28: =(115*J28*SQRT(3))/1000 -> 170.50308 | I28: =(115*K28*SQRT(3))/1000 -> 170.50308 | J28: 856 | K28: 856 | L28: Transmission Line | M28: T-Line Conductor | N28: =(115*P28*SQRT(3))/1000 -> 170.90145 | O28: =(115*Q28*SQRT(3))/1000 -> 170.90145 | P28: 858 | Q28: 858
E29: 50 | F29: Transmission Line | G29: T-Line Conductor | H29: =(115*J29*SQRT(3))/1000 -> 179.66563 | I29: =(115*K29*SQRT(3))/1000 -> 179.66563 | J29: 902 | K29: 902 | L29: Transmission Line | M29: T-Line Conductor | N29: =(115*P29*SQRT(3))/1000 -> 180.064 | O29: =(115*Q29*SQRT(3))/1000 -> 180.064 | P29: 904 | Q29: 904
E30: 40 | F30: Transmission Line | G30: T-Line Conductor | H30: =(115*J30*SQRT(3))/1000 -> 188.23062 | I30: =(115*K30*SQRT(3))/1000 -> 188.23062 | J30: 945 | K30: 945 | L30: Transmission Line | M30: T-Line Conductor | N30: =(115*P30*SQRT(3))/1000 -> 188.62899 | O30: =(115*Q30*SQRT(3))/1000 -> 188.62899 | P30: 947 | Q30: 947
E31: 30 | F31: Transmission Line | G31: T-Line Conductor | H31: =(115*J31*SQRT(3))/1000 -> 196.59643 | I31: =(115*K31*SQRT(3))/1000 -> 196.59643 | J31: 987 | K31: 987 | L31: Transmission Line | M31: T-Line Conductor | N31: =(115*P31*SQRT(3))/1000 -> 196.9948 | O31: =(115*Q31*SQRT(3))/1000 -> 196.9948 | P31: 989 | Q31: 989
E32: 20 | F32: Transmission Line | G32: T-Line Conductor | H32: =(115*J32*SQRT(3))/1000 -> 204.36467 | I32: =(115*K32*SQRT(3))/1000 -> 204.36467 | J32: 1026 | K32: 1026 | L32: Transmission Line | M32: T-Line Conductor | N32: =(115*P32*SQRT(3))/1000 -> 204.76305 | O32: =(115*Q32*SQRT(3))/1000 -> 204.76305 | P32: 1028 | Q32: 1028
E33: 10 | F33: Transmission Line | G33: T-Line Conductor | H33: =(115*J33*SQRT(3))/1000 -> 211.93374 | I33: =(115*K33*SQRT(3))/1000 -> 211.93374 | J33: 1064 | K33: 1064 | L33: Transmission Line | M33: T-Line Conductor | N33: =(115*P33*SQRT(3))/1000 -> 212.33211 | O33: =(115*Q33*SQRT(3))/1000 -> 212.33211 | P33: 1066 | Q33: 1066
E34: 0 | F34: Transmission Line | G34: T-Line Conductor | H34: =(115*J34*SQRT(3))/1000 -> 219.30361 | I34: 219 | J34: 1101 | K34: 1101 | L34: Transmission Line | M34: T-Line Conductor | N34: =(115*P34*SQRT(3))/1000 -> 219.70198 | O34: =(115*Q34*SQRT(3))/1000 -> 219.70198 | P34: 1103 | Q34: 1103
A35: 9255 | B35: 115 | C35: Buena Vista Tap | D35: Ray Lewis Sub. | E35: 104 | F35: Transmission Line | G35: T-Line Conductor | H35: =(115*J35*SQRT(3))/1000 -> 91.426302 | I35: =(115*K35*SQRT(3))/1000 -> 91.426302 | J35: 459 | K35: 459 | BI35: X | BN35: Converted to GIST2 | BO35: 42520
E36: 100 | F36: Transmission Line | G36: T-Line Conductor | H36: =(115*J36*SQRT(3))/1000 -> 98.796178 | I36: =(115*K36*SQRT(3))/1000 -> 98.796178 | J36: 496 | K36: 496
E37: 90 | F37: Transmission Line | G37: T-Line Conductor | H37: =(115*J37*SQRT(3))/1000 -> 115.3286 | I37: =(115*K37*SQRT(3))/1000 -> 115.3286 | J37: 579 | K37: 579
E38: 80 | F38: Transmission Line | G38: T-Line Conductor | H38: =(115*J38*SQRT(3))/1000 -> 129.66998 | I38: =(115*K38*SQRT(3))/1000 -> 129.66998 | J38: 651 | K38: 651
E39: 75 | F39: Transmission Line | G39: T-Line Conductor | H39: =(115*J39*SQRT(3))/1000 -> 136.24312 | I39: =(115*K39*SQRT(3))/1000 -> 136.24312 | J39: 684 | K39: 684 | L39: Transmission Line | M39: T-Line Conductor | N39: =(115*P39*SQRT(3))/1000 -> 136.84067 | O39: =(115*Q39*SQRT(3))/1000 -> 136.84067 | P39: 687 | Q39: 687
E40: 70 | F40: Transmission Line | G40: T-Line Conductor | H40: =(115*J40*SQRT(3))/1000 -> 142.61706 | I40: =(115*K40*SQRT(3))/1000 -> 142.61706 | J40: 716 | K40: 716 | L40: Transmission Line | M40: T-Line Conductor | N40: =(115*P40*SQRT(3))/1000 -> 143.01544 | O40: =(115*Q40*SQRT(3))/1000 -> 143.01544 | P40: 718 | Q40: 718
E41: 60 | F41: Transmission Line | G41: T-Line Conductor | H41: =(115*J41*SQRT(3))/1000 -> 154.16984 | I41: =(115*K41*SQRT(3))/1000 -> 154.16984 | J41: 774 | K41: 774 | L41: Transmission Line | M41: T-Line Conductor | N41: =(115*P41*SQRT(3))/1000 -> 154.7674 | O41: =(115*Q41*SQRT(3))/1000 -> 154.7674 | P41: 777 | Q41: 777
E42: 50 | F42: Transmission Line | G42: T-Line Conductor | H42: =(115*J42*SQRT(3))/1000 -> 165.12506 | I42: =(115*K42*SQRT(3))/1000 -> 165.12506 | J42: 829 | K42: 829 | L42: Transmission Line | M42: T-Line Conductor | N42: =(115*P42*SQRT(3))/1000 -> 165.52344 | O42: =(115*Q42*SQRT(3))/1000 -> 165.52344 | P42: 831 | Q42: 831
E43: 40 | F43: Transmission Line | G43: T-Line Conductor | H43: =(115*J43*SQRT(3))/1000 -> 175.28354 | I43: =(115*K43*SQRT(3))/1000 -> 175.28354 | J43: 880 | K43: 880 | L43: Transmission Line | M43: T-Line Conductor | N43: =(115*P43*SQRT(3))/1000 -> 175.68191 | O43: =(115*Q43*SQRT(3))/1000 -> 175.68191 | P43: 882 | Q43: 882
E44: 30 | F44: Transmission Line | G44: T-Line Conductor | H44: =(115*J44*SQRT(3))/1000 -> 184.84446 | I44: =(115*K44*SQRT(3))/1000 -> 184.84446 | J44: 928 | K44: 928 | L44: Transmission Line | M44: T-Line Conductor | N44: =(115*P44*SQRT(3))/1000 -> 185.24283 | O44: =(115*Q44*SQRT(3))/1000 -> 185.24283 | P44: 930 | Q44: 930
E45: 20 | F45: Ray Lewis Sub. / Transmission Line | G45: 636 ACSR Jumper / T-Line Conductor | H45: =(115*J45*SQRT(3))/1000 -> 185.24283 | I45: =(115*K45*SQRT(3))/1000 -> 193.80783 | J45: 930 | K45: 973 | L45: Transmission Line | M45: T-Line Conductor | N45: =(115*P45*SQRT(3))/1000 -> 194.2062 | O45: =(115*Q45*SQRT(3))/1000 -> 194.2062 | P45: 975 | Q45: 975
E46: 10 | F46: Ray Lewis Sub. / Transmission Line | G46: 636 ACSR Jumper / T-Line Conductor | H46: =(115*J46*SQRT(3))/1000 -> 185.24283 | I46: =(115*K46*SQRT(3))/1000 -> 202.572 | J46: 930 | K46: 1017 | L46: Transmission Line | M46: T-Line Conductor | N46: =(115*P46*SQRT(3))/1000 -> 202.97037 | O46: =(115*Q46*SQRT(3))/1000 -> 202.97037 | P46: 1019 | Q46: 1019
E47: 0 | F47: Ray Lewis Sub. | G47: 636 ACSR Jumper | H47: =(115*J47*SQRT(3))/1000 -> 185.24283 | I47: =(115*K47*SQRT(3))/1000 -> 203.76712 | J47: 930 | K47: 1023 | L47: Ray Lewis/ Transmission Line | M47: 636 ACSR Jumper / T-Line Conductor | N47: =(115*P47*SQRT(3))/1000 -> 210.93781 | O47: =(115*Q47*SQRT(3))/1000 -> 211.13699 | P47: 1059 | Q47: 1060
A48: 9255 | B48: 115 | C48: Ray Lewis Sub. | D48: Poncha Junction Sub. | E48: 104 | F48: Poncha Jct Sub. / Transmission Line | G48: Switch / T-Line Conductor | H48: =(115*J48*SQRT(3))/1000 -> 119.51151 | I48: =(115*K48*SQRT(3))/1000 -> 123.89359 | J48: 600 | K48: 622 | BI48: X | BN48: Converted to GIST2 | BO48: 42520
E49: 100 | F49: Poncha Jct Sub. / Transmission Line | G49: Switch / T-Line Conductor | H49: =(115*J49*SQRT(3))/1000 -> 119.51151 | I49: =(115*K49*SQRT(3))/1000 -> 129.07243 | J49: 600 | K49: 648
E50: 90 | F50: Poncha Jct Sub. / Transmission Line | G50: Switch / T-Line Conductor | H50: =(115*J50*SQRT(3))/1000 -> 119.51151 | I50: =(115*K50*SQRT(3))/1000 -> 129.07243 | J50: 600 | K50: 648
E51: 80 | F51: Poncha Jct Sub. / Transmission Line | G51: Switch / T-Line Conductor | H51: =(115*J51*SQRT(3))/1000 -> 119.51151 | I51: =(115*K51*SQRT(3))/1000 -> 129.07243 | J51: 600 | K51: 648
E52: 75 | F52: Poncha Jct Sub. / Transmission Line | G52: Switch / T-Line Conductor | H52: =(115*J52*SQRT(3))/1000 -> 119.51151 | I52: =(115*K52*SQRT(3))/1000 -> 129.07243 | J52: 600 | K52: 648 | Q52: 792
E53: 70 | F53: Poncha Jct Sub. / Transmission Line | G53: Switch / T-Line Conductor | H53: =(115*J53*SQRT(3))/1000 -> 119.51151 | I53: =(115*K53*SQRT(3))/1000 -> 129.07243 | J53: 600 | K53: 648 | Q53: 817
E54: 60 | F54: Poncha Junction Sub. | G54: Switch / Switch | H54: =(115*J54*SQRT(3))/1000 -> 119.51151 | I54: =(115*K54*SQRT(3))/1000 -> 154.36903 | J54: 600 | K54: 775 | L54: Poncha Jct Sub. / Transmission Line | M54: Switch / T-Line Conductor | N54: =(115*P54*SQRT(3))/1000 -> 147.99508 | O54: =(115*Q54*SQRT(3))/1000 -> 172.29575 | P54: 743 | Q54: 865
E55: 50 | F55: Poncha Junction Sub. | G55: Switch / Switch | H55: =(115*J55*SQRT(3))/1000 -> 119.51151 | I55: =(115*K55*SQRT(3))/1000 -> 154.36903 | J55: 600 | K55: 775 | L55: Poncha Junction Sub. | M55: Switch / Switch | N55: =(115*P55*SQRT(3))/1000 -> 147.99508 | O55: =(115*Q55*SQRT(3))/1000 -> 177.2754 | P55: 743 | Q55: 890
E56: 40 | F56: Poncha Junction Sub. | G56: Switch / Switch | H56: =(115*J56*SQRT(3))/1000 -> 119.51151 | I56: =(115*K56*SQRT(3))/1000 -> 154.36903 | J56: 600 | K56: 775 | L56: Poncha Junction Sub. | M56: Switch / Switch | N56: =(115*P56*SQRT(3))/1000 -> 147.99508 | O56: =(115*Q56*SQRT(3))/1000 -> 177.2754 | P56: 743 | Q56: 890
E57: 30 | F57: Poncha Junction Sub. | G57: Switch / Switch | H57: =(115*J57*SQRT(3))/1000 -> 119.51151 | I57: =(115*K57*SQRT(3))/1000 -> 154.36903 | J57: 600 | K57: 775 | L57: Poncha Junction Sub. | M57: Switch / Switch | N57: =(115*P57*SQRT(3))/1000 -> 147.99508 | O57: =(115*Q57*SQRT(3))/1000 -> 177.2754 | P57: 743 | Q57: 890
E58: 20 | F58: Poncha Junction Sub. | G58: Switch / Switch | H58: =(115*J58*SQRT(3))/1000 -> 119.51151 | I58: =(115*K58*SQRT(3))/1000 -> 154.36903 | J58: 600 | K58: 775 | L58: Poncha Junction Sub. | M58: Switch / Switch | N58: =(115*P58*SQRT(3))/1000 -> 147.99508 | O58: =(115*Q58*SQRT(3))/1000 -> 177.2754 | P58: 743 | Q58: 890
E59: 10 | F59: Poncha Junction Sub. | G59: Switch / Switch | H59: =(115*J59*SQRT(3))/1000 -> 119.51151 | I59: =(115*K59*SQRT(3))/1000 -> 154.36903 | J59: 600 | K59: 775 | L59: Poncha Junction Sub. | M59: Switch / Switch | N59: =(115*P59*SQRT(3))/1000 -> 147.99508 | O59: =(115*Q59*SQRT(3))/1000 -> 177.2754 | P59: 743 | Q59: 890
E60: 0 | F60: Poncha Junction Sub. | G60: Switch / Switch | H60: =(115*J60*SQRT(3))/1000 -> 119.51151 | I60: =(115*K60*SQRT(3))/1000 -> 154.36903 | J60: 600 | K60: 775 | L60: Poncha Junction Sub. | M60: Switch / Switch | N60: =(115*P60*SQRT(3))/1000 -> 147.99508 | O60: =(115*Q60*SQRT(3))/1000 -> 177.2754 | P60: 743 | Q60: 890

Sheet E.S. Generation
A1: PSCo Region Energy Supply Facility Equipment Ratings
A2: BES Plant | C2: Name Plate Data | Z2: Most Limiting Equipment | AO2: Next Most Limiting Equipment
H3: Gen | I3: GSU | M3: LS GSU | N3: LS GSU | O3: HS GSU | P3: LS Value | Q3: LS Gen | R3: LS Gen | T3: Limiting I Hi Side of GSU to Transmission | U3: LS Value Lmt I Hi Side of GSU to Trans | X3: Series/Shunt | Z3: HS of GSU | AA3: LS of GSU | AB3: Limiting | AF3: Gen | AG3: LS GSU | AH3: LS Value | AI3: LS Gen | AJ3: LS Gen | AK3: LS Value | AN3: Series/Shunt | AO3: HS of GSU | AP3: LS of GSU | AQ3: Limiting
C4: Gen | D4: Gen | E4: Gen | F4: Gen CT | G4: Gen Bus | H4: Disconnect | I4: Subs ID | J4: GSU TR | K4: GSU HS | L4: GSU LS | M4: Disconnect | N4: CT | O4: CT | P4: HS GSU | Q4: Bkr | R4: Bkr CTs | S4: GSU TR | V4: LS GSU TR | W4: Relay Trip | X4: Compensation | Y4: HS GSU TR | Z4: Limiting | AA4: Limiting | AB4: Electrical | AC4: Gen | AD4: Gen CT | AE4: Gen Bus | AF4: Disconnect | AG4: CT | AH4: HS GSU | AI4: Bkr | AJ4: Bkr CTs | AK4: Hi Side of GSU to Yard | AL4: GSU TR | AM4: Relay Trip | AN4: Compensation | AO4: Limiting | AP4: Limiting | AQ4: Electrical
A5: Plant | B5: Unit | C5: MVA | D5: KV | E5: Amps | F5: Amps | G5: Amps | H5: Amps | I5: A number | J5: MVA | K5: kVolt | L5: kVolt | M5: Amps | N5: Amps | O5: Amps | P5: CT Amps | Q5: Amps | R5: Amps | S5: Ratio | V5: Amps | W5: Amps | X5: Devices | Y5: Amps | Z5: Current | AA5: Current | AB5: Equipment | AC5: Amps | AD5: Amps | AE5: Amps | AF5: Amps | AG5: Amps | AH5: CT Amps | AI5: Amps | AJ5: Amps | AK5: (Info from Trans) | AL5: Amps | AM5: Amps | AN5: Devices | AO5: Current | AP5: Current | AQ5: Equipment
A6: Alamosa - Summer | B6: 2 | C6: =(21.4/0.9)*0.875 -> 20.805556 | D6: 13.8 | E6: =(C6*1000)/(SQRT(3)*D6) -> 870.44153 | F6: 2000 | G6: =792.403*2 -> 1584.806 | H6: NA | I6: A48601 | J6: 28 | K6: 115 | L6: 13.2 | M6: NA | N6: 1200 | O6: 400 | P6: =O6*S6 -> 3484.8485 | Q6: 1200 | R6: 2000 | S6: =K6/L6 -> 8.7121212 | T6: 921 | U6: =T6*S6 -> 8023.8636 | V6: =(J6*1000)/(SQRT(3)*L6) -> 1224.6824 | W6: =298.498*S6 -> 2600.5508 | X6: NA | Y6: =J6*1000/K6/SQRT(3) -> 140.57224 | Z6: =AA6/S6 -> 99.911549 | AA6: =MIN(E6:H6,N6,P6:R6,U6:X6) -> 870.44153 | AB6: Generator | AC6: =E6 -> 870.44153 | AD6: =F6 -> 2000 | AE6: =G6 -> 1584.806 | AF6: =H6 -> NA | AG6: =N6 -> 1200 | AH6: =P6 -> 3484.8485 | AI6: =Q6 -> 1200 | AJ6: =R6 -> 2000 | AK6: =U6 -> 8023.8636 | AL6: =V6 -> 1224.6824 | AM6: =W6 -> 2600.5508 | AN6: =X6 -> NA | AO6: =AP6/S6 -> 137.73913 | AP6: =SMALL(AC6:AN6,2) -> 1200 | AQ6: Generator Breaker*
A7: Alamosa - Winter | B7: 2 | C7: =(31/0.9)*0.875 -> 30.138889 | D7: 13.8 | E7: =(C7*1000)/(SQRT(3)*D7) -> 1260.92 | F7: 2000 | G7: =1177.251*2 -> 2354.502 | H7: NA | I7: A48601 | J7: 28 | K7: 115 | L7: 13.2 | M7: NA | N7: 1200 | O7: 400 | P7: =O7*S7 -> 3484.8485 | Q7: 1200 | R7: 2000 | S7: =K7/L7 -> 8.7121212 | T7: 1100 | U7: =T7*S7 -> 9583.3333 | V7: =(J7*1000)/(SQRT(3)*L7) -> 1224.6824 | W7: =298.498*S6 -> 2600.5508 | X7: NA | Y7: =J7*1000/K7/SQRT(3) -> 140.57224 | Z7: =AA7/S7 -> 137.73913 | AA7: =MIN(E7:H7,N7,P7:R7,U7:X7) -> 1200 | AB7: Generator Breaker* | AC7: =E7 -> 1260.92 | AD7: =F7 -> 2000 | AE7: =G7 -> 2354.502 | AF7: =H7 -> NA | AG7: =N7 -> 1200 | AH7: =P7 -> 3484.8485 | AI7: =Q7 -> 1200 | AJ7: =R7 -> 2000 | AK7: =U7 -> 9583.3333 | AL7: =V7 -> 1224.6824 | AM7: =W7 -> 2600.5508 | AN7: =X7 -> NA | AO7: =AP7/S7 -> 137.73913 | AP7: =SMALL(AC7:AN7,2) -> 1200 | AQ7: GSU Low Side CT*
A8: Blue Spruce - Summer | B8: 1 | C8: 234 | D8: 18 | E8: 7506 | F8: 10000 | G8: 8000 | H8: NA | J8: 235 | K8: 235.75 | L8: 18 | M8: NA | N8: 8000 | O8: 2000 | P8: =O8*S8 -> 26194.444 | Q8: NA | R8: NA | S8: =K8/L8 -> 13.097222 | T8: 800 | U8: =T8*S8 -> 10477.778 | V8: 7540 | W8: 14148 | X8: NA | Y8: 576 | Z8: =AA8/S8 -> 573.09862 | AA8: =MIN(E8:H8,N8,P8:R8,U8:X8) -> 7506 | AB8: Generator | AC8: =E8 -> 7506 | AD8: =F8 -> 10000 | AE8: =G8 -> 8000 | AF8: =H8 -> NA | AG8: =N8 -> 8000 | AH8: =P8 -> 26194.444 | AI8: =Q8 -> NA | AJ8: =R8 -> NA | AK8: =U8 -> 10477.778 | AL8: =V8 -> 7540 | AM8: =W8 -> 14148 | AN8: =X8 -> NA | AO8: =AP8/S8 -> 575.69459 | AP8: =SMALL(AC8:AN8,2) -> 7540 | AQ8: GSU
A9: Blue Spruce - Winter | B9: 1 | C9: 234 | D9: 18 | E9: 7506 | F9: 10000 | G9: 8000 | H9: NA | J9: 235 | K9: 235.75 | L9: 18 | M9: NA | N9: 8000 | O9: 2000 | P9: =O9*S9 -> 26194.444 | Q9: NA | R9: NA | S9: =K9/L9 -> 13.097222 | T9: 800 | U9: =T9*S9 -> 10477.778 | V9: 7540 | W9: 14148 | X9: NA | Y9: 576 | Z9: =AA9/S9 -> 573.09862 | AA9: =MIN(E9:H9,N9,P9:R9,U9:X9) -> 7506 | AB9: Generator | AC9: =E9 -> 7506 | AD9: =F9 -> 10000 | AE9: =G9 -> 8000 | AF9: =H9 -> NA | AG9: =N9 -> 8000 | AH9: =P9 -> 26194.444 | AI9: =Q9 -> NA | AJ9: =R9 -> NA | AK9: =U9 -> 10477.778 | AL9: =V9 -> 7540 | AM9: =W9 -> 14148 | AN9: =X9 -> NA | AO9: =AP9/S9 -> 575.69459 | AP9: =SMALL(AC9:AN9,2) -> 7540 | AQ9: GSU
A10: Blue Spruce - Summer | B10: 2 | C10: 234 | D10: 18 | E10: 7506 | F10: 10000 | G10: 8000 | H10: NA | J10: 235 | K10: 235.75 | L10: 18 | M10: NA | N10: 8000 | O10: 2000 | P10: =O10*S10 -> 26194.444 | Q10: NA | R10: NA | S10: =K10/L10 -> 13.097222 | T10: 800 | U10: =T10*S10 -> 10477.778 | V10: 7540 | W10: 14148 | X10: NA | Y10: 576 | Z10: =AA10/S10 -> 573.09862 | AA10: =MIN(E10:H10,N10,P10:R10,U10:X10) -> 7506 | AB10: Generator | AC10: =E10 -> 7506 | AD10: =F10 -> 10000 | AE10: =G10 -> 8000 | AF10: =H10 -> NA | AG10: =N10 -> 8000 | AH10: =P10 -> 26194.444 | AI10: =Q10 -> NA | AJ10: =R10 -> NA | AK10: =U10 -> 10477.778 | AL10: =V10 -> 7540 | AM10: =W10 -> 14148 | AN10: =X10 -> NA | AO10: =AP10/S10 -> 575.69459 | AP10: =SMALL(AC10:AN10,2) -> 7540 | AQ10: GSU
A11: Blue Spruce - Winter | B11: 2 | C11: 234 | D11: 18 | E11: 7506 | F11: 10000 | G11: 8000 | H11: NA | J11: 235 | K11: 235.75 | L11: 18 | M11: NA | N11: 8000 | O11: 2000 | P11: =O11*S11 -> 26194.444 | Q11: NA | R11: NA | S11: =K11/L11 -> 13.097222 | T11: 800 | U11: =T11*S11 -> 10477.778 | V11: 7540 | W11: 14148 | X11: NA | Y11: 576 | Z11: =AA11/S11 -> 573.09862 | AA11: =MIN(E11:H11,N11,P11:R11,U11:X11) -> 7506 | AB11: Generator | AC11: =E11 -> 7506 | AD11: =F11 -> 10000 | AE11: =G11 -> 8000 | AF11: =H11 -> NA | AG11: =N11 -> 8000 | AH11: =P11 -> 26194.444 | AI11: =Q11 -> NA | AJ11: =R11 -> NA | AK11: =U11 -> 10477.778 | AL11: =V11 -> 7540 | AM11: =W11 -> 14148 | AN11: =X11 -> NA | AO11: =AP11/S11 -> 575.69459 | AP11: =SMALL(AC11:AN11,2) -> 7540 | AQ11: GSU
A12: Blue Spruce 230 kV- Summer | B12: C | C12: =SUM(C8,C10) -> 468 | D12: 18 | E12: =SUM(E8,E10) -> 15012 | F12: =SUM(F8,F10) -> 20000 | G12: =SUM(G8,G10) -> 16000 | H12: NA | J12: 470 | K12: 235.75 | L12: 18 | M12: NA | N12: =SUM(N8,N10) -> 16000 | O12: =SUM(O8,O10) -> 4000 | P12: =SUM(P8,P10) -> 52388.889 | Q12: NA | R12: NA | S12: =K12/L12 -> 13.097222 | T12: 1500 | U12: =T12*S12 -> 19645.833 | V12: =V8+V10 -> 15080 | W12: NA | X12: NA | Y12: NA | Z12: =AA12/S12 -> 1146.1972 | AA12: =MIN(E12:H12,N12,P12:R12,U12:X12) -> 15012 | AB12: Generators | AC12: =E12 -> 15012 | AD12: =F12 -> 20000 | AE12: =G12 -> 16000 | AF12: =H12 -> NA | AG12: =N12 -> 16000 | AH12: =P12 -> 52388.889 | AI12: =Q12 -> NA | AJ12: =R12 -> NA | AK12: =U12 -> 19645.833 | AL12: =V12 -> 15080 | AM12: =W12 -> NA | AN12: =X12 -> NA | AO12: =AP12/S12 -> 1151.3892 | AP12: =SMALL(AC12:AN12,2) -> 15080 | AQ12: GSU Transformers
A13: Blue Spruce 230 kV - Winter | B13: C | C13: =SUM(C9,C11) -> 468 | D13: 18 | E13: =SUM(E9,E11) -> 15012 | F13: =SUM(F9,F11) -> 20000 | G13: =SUM(G9,G11) -> 16000 | H13: NA | J13: 470 | K13: 235.75 | L13: 18 | M13: NA | N13: =SUM(N9,N11) -> 16000 | O13: =SUM(O9,O11) -> 4000 | P13: =SUM(P9,P11) -> 52388.889 | Q13: NA | R13: NA | S13: =K13/L13 -> 13.097222 | T13: 1500 | U13: =T13*S13 -> 19645.833 | V13: =V9+V11 -> 15080 | W13: NA | X13: NA | Y13: NA | Z13: =AA13/S13 -> 1146.1972 | AA13: =MIN(E13:H13,N13,P13:R13,U13:X13) -> 15012 | AB13: Generators | AC13: =E13 -> 15012 | AD13: =F13 -> 20000 | AE13: =G13 -> 16000 | AF13: =H13 -> NA | AG13: =N13 -> 16000 | AH13: =P13 -> 52388.889 | AI13: =Q13 -> NA | AJ13: =R13 -> NA | AK13: =U13 -> 19645.833 | AL13: =V13 -> 15080 | AM13: =W13 -> NA | AN13: =X13 -> NA | AO13: =AP13/S13 -> 1151.3892 | AP13: =SMALL(AC13:AN13,2) -> 15080 | AQ13: GSU Transformers
A14: Cabin Creek | B14: A | C14: 187 | D14: 13.8 | E14: 7824 | F14: 10000 | G14: 9000 | H14: 9000 | I14: A35401, 2, 3 | J14: =73.3*3 -> 219.9 | K14: 241.5 | L14: 13.8 | M14: NA | N14: 10000 | O14: 1200 | P14: =O14*S14 -> 21000 | Q14: NA | R14: NA | S14: =K14/L14 -> 17.5 | T14: 640 | U14: =T14*S14 -> 11200 | V14: =(J14*1000)/(SQRT(3)*L14) -> 9199.951 | W14: NA | X14: NA | Y14: 526 | Z14: =AA14/S14 -> 447.08571 | AA14: =MIN(E14:H14,N14,P14:R14,U14:X14) -> 7824 | AB14: Generator | AC14: =E14 -> 7824 | AD14: =F14 -> 10000 | AE14: =G14 -> 9000 | AF14: =H14 -> 9000 | AG14: =N14 -> 10000 | AH14: =P14 -> 21000 | AI14: =Q14 -> NA | AJ14: =R14 -> NA | AK14: =U14 -> 11200 | AL14: =V14 -> 9199.951 | AM14: =W14 -> NA | AN14: =X14 -> NA | AO14: =AP14/S14 -> 514.28571 | AP14: =SMALL(AC14:AN14,2) -> 9000 | AQ14: Gen Bus *
B15: B | C15: 187 | D15: 13.8 | E15: 7824 | F15: 10000 | G15: 9000 | H15: 9000 | I15: A35404, 5, 6 | J15: =73.3*3 -> 219.9 | K15: 241.5 | L15: 13.8 | M15: NA | N15: 10000 | O15: 1200 | P15: =O15*S15 -> 21000 | Q15: NA | R15: NA | S15: =K15/L15 -> 17.5 | T15: 640 | U15: =T15*S15 -> 11200 | V15: =(J15*1000)/(SQRT(3)*L15) -> 9199.951 | W15: NA | X15: NA | Y15: 526 | Z15: =AA15/S15 -> 447.08571 | AA15: =MIN(E15:H15,N15,P15:R15,U15:X15) -> 7824 | AB15: Generator | AC15: =E15 -> 7824 | AD15: =F15 -> 10000 | AE15: =G15 -> 9000 | AF15: =H15 -> 9000 | AG15: =N15 -> 10000 | AH15: =P15 -> 21000 | AI15: =Q15 -> NA | AJ15: =R15 -> NA | AK15: =U15 -> 11200 | AL15: =V15 -> 9199.951 | AM15: =W15 -> NA | AN15: =X15 -> NA | AO15: =AP15/S15 -> 514.28571 | AP15: =SMALL(AC15:AN15,2) -> 9000 | AQ15: Gen Bus *
A16: Cherokee | B16: SC | C16: =SQRT(116^2+2^2) -> 116.01724 | D16: 15.5 | E16: =(C16*1000)/(SQRT(3)*D16) -> 4321.4571 | F16: 7000 | G16: 6500 | H16: NA | I16: A72401 | J16: 141 | K16: 112.13 | L16: 14.8 | M16: NA | N16: 8000 | O16: NA | P16: NA | Q16: NA | R16: NA | S16: =K16/L16 -> 7.5763514 | T16: 860 | U16: =T16*S16 -> 6515.6622 | V16: =3178*SQRT(3) -> 5504.4575 | W16: 8265 | X16: NA | Y16: 727 | Z16: =AA16/S16 -> 570.38763 | AA16: =MIN(E16:H16,N16,P16:R16,U16:X16) -> 4321.4571 | AB16: Generator | AC16: =E16 -> 4321.4571 | AD16: =F16 -> 7000 | AE16: =G16 -> 6500 | AF16: =H16 -> NA | AG16: =N16 -> 8000 | AH16: =P16 -> NA | AI16: =Q16 -> NA | AJ16: =R16 -> NA | AK16: =U16 -> 6515.6622 | AL16: =V16 -> 5504.4575 | AM16: =W16 -> 8265 | AN16: =X16 -> NA | AO16: =AP16/S16 -> 726.53144 | AP16: =SMALL(AC16:AN16,2) -> 5504.4575 | AQ16: GSU
A17: Cherokee | B17: 4 | C17: 448 | D17: 22 | E17: 11757 | F17: 14000 | G17: 12000 | H17: NA | I17: A55601 | J17: 504 | K17: 115 | L17: 21 | M17: NA | N17: NA | O17: 3000 | P17: =O17*S17 -> 16428.571 | Q17: NA | R17: NA | S17: =K17/L17 -> 5.4761905 | T17: 2000 | U17: =T17*S17 -> 10952.381 | V17: 13855 | W17: NA | X17: NA | Y17: 2530 | Z17: =AA17/S17 -> 2000 | AA17: =MIN(E17:H17,N17,P17:R17,U17:X17) -> 10952.381 | AB17: Yard Switches | AC17: =E17 -> 11757 | AD17: =F17 -> 14000 | AE17: =G17 -> 12000 | AF17: =H17 -> NA | AG17: =N17 -> NA | AH17: =P17 -> 16428.571 | AI17: =Q17 -> NA | AJ17: =R17 -> NA | AK17: =U17 -> 10952.381 | AL17: =V17 -> 13855 | AM17: =W17 -> NA | AN17: =X17 -> NA | AO17: =AP17/S17 -> 2146.9304 | AP17: =SMALL(AC17:AN17,2) -> 11757 | AQ17: Gen Bus
A18: Cherokee - Summer | B18: 5 | C18: 218 | D18: 18 | E18: 6992 | F18: 8000 | G18: 7500 | H18: 7500 | J18: 210 | K18: 115 | L18: 17.55 | M18: NA | N18: 8000 | O18: 1600 | P18: =O18*S18 -> 10484.33 | Q18: 7500 | R18: 8000 | S18: =K18/L18 -> 6.5527066 | T18: 1028 | U18: =T18*S18 -> 6736.1823 | V18: 6908.5 | W18: 13978 | X18: NA | Y18: 1054.3 | Z18: =AA18/S18 -> 1028 | AA18: =MIN(E18:H18,N18,P18:R18,U18:X18) -> 6736.1823 | AB18: 954 kCML Conductor | AC18: =E18 -> 6992 | AD18: =F18 -> 8000 | AE18: =G18 -> 7500 | AF18: =H18 -> 7500 | AG18: =N18 -> 8000 | AH18: =P18 -> 10484.33 | AI18: =Q18 -> 7500 | AJ18: =R18 -> 8000 | AK18: =U18 -> 6736.1823 | AL18: =V18 -> 6908.5 | AM18: =W18 -> 13978 | AN18: =X18 -> NA | AO18: =AP18/S18 -> 1054.2972 | AP18: =SMALL(AC18:AN18,2) -> 6908.5 | AQ18: GSU
A19: Cherokee - Winter | B19: 5 | C19: 218 | D19: 18 | E19: 6992 | F19: 8000 | G19: 7500 | H19: 7500 | J19: 210 | K19: 115 | L19: 17.55 | M19: NA | N19: 8000 | O19: 1600 | P19: =O19*S19 -> 10484.33 | Q19: 7500 | R19: 8000 | S19: =K19/L19 -> 6.5527066 | T19: 1227 | U19: =T19*S19 -> 8040.1709 | V19: 6908.5 | W19: 13978 | X19: NA | Y19: 1054.3 | Z19: =AA19/S19 -> 1054.2972 | AA19: =MIN(E19:H19,N19,P19:R19,U19:X19) -> 6908.5 | AB19: GSU | AC19: =E19 -> 6992 | AD19: =F19 -> 8000 | AE19: =G19 -> 7500 | AF19: =H19 -> 7500 | AG19: =N19 -> 8000 | AH19: =P19 -> 10484.33 | AI19: =Q19 -> 7500 | AJ19: =R19 -> 8000 | AK19: =U19 -> 8040.1709 | AL19: =V19 -> 6908.5 | AM19: =W19 -> 13978 | AN19: =X19 -> NA | AO19: =AP19/S19 -> 1067.04 | AP19: =SMALL(AC19:AN19,2) -> 6992 | AQ19: Generator
A20: Cherokee - Summer | B20: 6 | C20: 218 | D20: 18 | E20: 6992 | F20: 8000 | G20: 7500 | H20: 7500 | J20: 210 | K20: 115 | L20: 17.55 | M20: NA | N20: 8000 | O20: 1600 | P20: =O20*S20 -> 10484.33 | Q20: 7500 | R20: 8000 | S20: =K20/L20 -> 6.5527066 | T20: 1028 | U20: =T20*S20 -> 6736.1823 | V20: 6908.5 | W20: 13978 | X20: NA | Y20: 1054.3 | Z20: =AA20/S20 -> 1028 | AA20: =MIN(E20:H20,N20,P20:R20,U20:X20) -> 6736.1823 | AB20: 954 kCML Conductor | AC20: =E20 -> 6992 | AD20: =F20 -> 8000 | AE20: =G20 -> 7500 | AF20: =H20 -> 7500 | AG20: =N20 -> 8000 | AH20: =P20 -> 10484.33 | AI20: =Q20 -> 7500 | AJ20: =R20 -> 8000 | AK20: =U20 -> 6736.1823 | AL20: =V20 -> 6908.5 | AM20: =W20 -> 13978 | AN20: =X20 -> NA | AO20: =AP20/S20 -> 1054.2972 | AP20: =SMALL(AC20:AN20,2) -> 6908.5 | AQ20: GSU
A21: Cherokee - Winter | B21: 6 | C21: 218 | D21: 18 | E21: 6992 | F21: 8000 | G21: 7500 | H21: 7500 | J21: 210 | K21: 115 | L21: 17.55 | M21: NA | N21: 8000 | O21: 1600 | P21: =O21*S21 -> 10484.33 | Q21: 7500 | R21: 8000 | S21: =K21/L21 -> 6.5527066 | T21: 1227 | U21: =T21*S21 -> 8040.1709 | V21: 6908.5 | W21: 13978 | X21: NA | Y21: 1054.3 | Z21: =AA21/S21 -> 1054.2972 | AA21: =MIN(E21:H21,N21,P21:R21,U21:X21) -> 6908.5 | AB21: GSU | AC21: =E21 -> 6992 | AD21: =F21 -> 8000 | AE21: =G21 -> 7500 | AF21: =H21 -> 7500 | AG21: =N21 -> 8000 | AH21: =P21 -> 10484.33 | AI21: =Q21 -> 7500 | AJ21: =R21 -> 8000 | AK21: =U21 -> 8040.1709 | AL21: =V21 -> 6908.5 | AM21: =W21 -> 13978 | AN21: =X21 -> NA | AO21: =AP21/S21 -> 1067.04 | AP21: =SMALL(AC21:AN21,2) -> 6992 | AQ21: Generator
A22: Cherokee - Summer | B22: 7 | C22: 300 | D22: 18 | E22: 9623 | F22: 12000 | G22: 12000 | H22: NA | J22: 300 | K22: 115 | L22: 17.55 | M22: NA | N22: 15000 | O22: 2400 | P22: =O22*S22 -> 15726.496 | Q22: NA | R22: NA | S22: =K22/L22 -> 6.5527066 | T22: 2000 | U22: =T22*S22 -> 13105.413 | V22: =(J22*1000)/(SQRT(3)*L22) -> 9869.2354 | W22: 17718 | X22: NA | Y22: 1545 | Z22: =AA22/S22 -> 1468.5535 | AA22: =MIN(E22:H22,N22,P22:R22,U22:X22) -> 9623 | AB22: Generator | AC22: =E22 -> 9623 | AD22: =F22 -> 12000 | AE22: =G22 -> 12000 | AF22: =H22 -> NA | AG22: =N22 -> 15000 | AH22: =P22 -> 15726.496 | AI22: =Q22 -> NA | AJ22: =R22 -> NA | AK22: =U22 -> 13105.413 | AL22: =V22 -> 9869.2354 | AM22: =W22 -> 17718 | AN22: =X22 -> NA | AO22: =AP22/S22 -> 1506.1311 | AP22: =SMALL(AC22:AN22,2) -> 9869.2354 | AQ22: GSU
A23: Cherokee - Winter | B23: 7 | C23: 300 | D23: 18 | E23: 9623 | F23: 12000 | G23: 12000 | H23: NA | J23: 300 | K23: 115 | L23: 17.55 | M23: NA | N23: 15000 | O23: 2400 | P23: =O23*S23 -> 15726.496 | Q23: NA | R23: NA | S23: =K23/L23 -> 6.5527066 | T23: 2000 | U23: =T23*S23 -> 13105.413 | V23: =(J23*1000)/(SQRT(3)*L23) -> 9869.2354 | W23: 17718 | X23: NA | Y23: 1545 | Z23: =AA23/S23 -> 1468.5535 | AA23: =MIN(E23:H23,N23,P23:R23,U23:X23) -> 9623 | AB23: Generator | AC23: =E23 -> 9623 | AD23: =F23 -> 12000 | AE23: =G23 -> 12000 | AF23: =H23 -> NA | AG23: =N23 -> 15000 | AH23: =P23 -> 15726.496 | AI23: =Q23 -> NA | AJ23: =R23 -> NA | AK23: =U23 -> 13105.413 | AL23: =V23 -> 9869.2354 | AM23: =W23 -> 17718 | AN23: =X23 -> NA | AO23: =AP23/S23 -> 1506.1311 | AP23: =SMALL(AC23:AN23,2) -> 9869.2354 | AQ23: GSU
A24: Comanche | B24: 2 | C24: 440 | D24: 24 | E24: 10585 | F24: 12000 | G24: 12000 | H24: NA | I24: A625 | J24: 470 | K24: 230 | L24: 23 | M24: NA | N24: NA | O24: 1200 | P24: =O24*S24 -> 12000 | Q24: NA | R24: NA | S24: =K24/L24 -> 10 | T24: 1200 | U24: =T24*S24 -> 12000 | V24: =(J24*1000)/(SQRT(3)*L24) -> 11798.027 | W24: 22190 | X24: NA | Y24: 1179 | Z24: =AA24/S24 -> 1058.5 | AA24: =MIN(E24:H24,N24,P24:R24,U24:X24) -> 10585 | AB24: Generator | AC24: =E24 -> 10585 | AD24: =F24 -> 12000 | AE24: =G24 -> 12000 | AF24: =H24 -> NA | AG24: =N24 -> NA | AH24: =P24 -> 12000 | AI24: =Q24 -> NA | AJ24: =R24 -> NA | AK24: =U24 -> 12000 | AL24: =V24 -> 11798.027 | AM24: =W24 -> 22190 | AN24: =X24 -> NA | AO24: =AP24/S24 -> 1179.8027 | AP24: =SMALL(AC24:AN24,2) -> 11798.027 | AQ24: GSU
A25: Summer | B25: 3 | C25: 1008 | D25: 27 | E25: 21554 | F25: 27000 | G25: 22689 | H25: NA | J25: =3*336 -> 1008 | K25: 353.625 | L25: 27 | M25: NA | N25: 27713 | O25: 2000 | P25: =O25*S25 -> 26194.444 | Q25: NA | R25: NA | S25: =K25/L25 -> 13.097222 | T25: 2000 | U25: =T25*S25 -> 26194.444 | V25: =(J25*1000)/(SQRT(3)*L25) -> 21554.41 | W25: 43072.8 | X25: NA | Y25: 1645.7 | Z25: =AA25/S25 -> 1645.6925 | AA25: =MIN(E25:H25,N25,P25:R25,U25:X25) -> 21554 | AB25: Generator* | AC25: =E25 -> 21554 | AD25: =F25 -> 27000 | AE25: =G25 -> 22689 | AF25: =H25 -> NA | AG25: =N25 -> 27713 | AH25: =P25 -> 26194.444 | AI25: =Q25 -> NA | AJ25: =R25 -> NA | AK25: =U25 -> 26194.444 | AL25: =V25 -> 21554.41 | AM25: =W25 -> 43072.8 | AN25: =X25 -> NA | AO25: =AP25/S25 -> 1645.7238 | AP25: =SMALL(AC25:AN25,2) -> 21554.41 | AQ25: GSU*
A26: Winter | B26: 3 | C26: 1008 | D26: 27 | E26: 21554 | F26: 27000 | G26: 22689 | H26: NA | J26: =3*336 -> 1008 | K26: 353.625 | L26: 27 | M26: NA | N26: 27713 | O26: 2000 | P26: =O26*S26 -> 26194.444 | Q26: NA | R26: NA | S26: =K26/L26 -> 13.097222 | T26: 2000 | U26: =T26*S26 -> 26194.444 | V26: =(J26*1000)/(SQRT(3)*L26) -> 21554.41 | W26: 43072.8 | X26: NA | Y26: 1645.7 | Z26: =AA26/S26 -> 1645.6925 | AA26: =MIN(E26:H26,N26,P26:R26,U26:X26) -> 21554 | AB26: Generator* | AC26: =E26 -> 21554 | AD26: =F26 -> 27000 | AE26: =G26 -> 22689 | AF26: =H26 -> NA | AG26: =N26 -> 27713 | AH26: =P26 -> 26194.444 | AI26: =Q26 -> NA | AJ26: =R26 -> NA | AK26: =U26 -> 26194.444 | AL26: =V26 -> 21554.41 | AM26: =W26 -> 43072.8 | AN26: =X26 -> NA | AO26: =AP26/S26 -> 1645.7238 | AP26: =SMALL(AC26:AN26,2) -> 21554.41 | AQ26: GSU*
A27: Fort St Vrain - Summer | B27: 1 | C27: 403 | D27: 22 | E27: 10576 | F27: 12000 | G27: 11300 | H27: NA | I27: A38401 | J27: 451.36 | K27: 230 | L27: 21 | M27: NA | N27: NA | O27: 3300 | P27: =O27*S27 -> 36142.857 | Q27: NA | R27: NA | S27: =K27/L27 -> 10.952381 | T27: 1200 | U27: =T27*S27 -> 13142.857 | V27: =(J27*1000)/(SQRT(3)*L27) -> 12409.182 | W27: 21593.4 | X27: NA | Y27: 1133.242 | Z27: =AA27/S27 -> 965.63478 | AA27: =MIN(E27:H27,N27,P27:R27,U27:X27) -> 10576 | AB27: Generator | AC27: =E27 -> 10576 | AD27: =F27 -> 12000 | AE27: =G27 -> 11300 | AF27: =H27 -> NA | AG27: =N27 -> NA | AH27: =P27 -> 36142.857 | AI27: =Q27 -> NA | AJ27: =R27 -> NA | AK27: =U27 -> 13142.857 | AL27: =V27 -> 12409.182 | AM27: =W27 -> 21593.4 | AN27: =X27 -> NA | AO27: =AP27/S27 -> 1031.7391 | AP27: =SMALL(AC27:AN27,2) -> 11300 | AQ27: Gen Bus
A28: Fort St Vrain - Winter | B28: 1 | C28: 403 | D28: 22 | E28: 10576 | F28: 12000 | G28: 11300 | H28: NA | I28: A38401 | J28: 451.36 | K28: 230 | L28: 21 | M28: NA | N28: NA | O28: 3300 | P28: =O28*S28 -> 36142.857 | Q28: NA | R28: NA | S28: =K28/L28 -> 10.952381 | T28: 1200 | U28: =T28*S28 -> 13142.857 | V28: =(J28*1000)/(SQRT(3)*L28) -> 12409.182 | W28: 21593.4 | X28: NA | Y28: 1133.242 | Z28: =AA28/S28 -> 965.63478 | AA28: =MIN(E28:H28,N28,P28:R28,U28:X28) -> 10576 | AB28: Generator | AC28: =E28 -> 10576 | AD28: =F28 -> 12000 | AE28: =G28 -> 11300 | AF28: =H28 -> NA | AG28: =N28 -> NA | AH28: =P28 -> 36142.857 | AI28: =Q28 -> NA | AJ28: =R28 -> NA | AK28: =U28 -> 13142.857 | AL28: =V28 -> 12409.182 | AM28: =W28 -> 21593.4 | AN28: =X28 -> NA | AO28: =AP28/S28 -> 1031.7391 | AP28: =SMALL(AC28:AN28,2) -> 11300 | AQ28: Gen Bus
A29: Fort St Vrain - Summer | B29: 2 | C29: 206 | D29: 18 | E29: 6607 | F29: 8000 | G29: 8000 | H29: 8000 | I29: A63001 | J29: 232 | K29: 235.75 | L29: 17.55 | M29: NA | N29: 15200 | O29: 1250 | P29: =O29*S29 -> 16791.311 | Q29: 8000 | R29: 8000 | S29: =K29/L29 -> 13.433048 | T29: 1200 | U29: =T29*S29 -> 16119.658 | V29: =(J29*1000)/(SQRT(3)*L29) -> 7632.2087 | W29: 13537 | X29: NA | Y29: 569 | Z29: =AA29/S29 -> 491.84666 | AA29: =MIN(E29:H29,N29,P29:R29,U29:X29) -> 6607 | AB29: Generator | AC29: =E29 -> 6607 | AD29: =F29 -> 8000 | AE29: =G29 -> 8000 | AF29: =H29 -> 8000 | AG29: =N29 -> 15200 | AH29: =P29 -> 16791.311 | AI29: =Q29 -> 8000 | AJ29: =R29 -> 8000 | AK29: =U29 -> 16119.658 | AL29: =V29 -> 7632.2087 | AM29: =W29 -> 13537 | AN29: =X29 -> NA | AO29: =AP29/S29 -> 568.16654 | AP29: =SMALL(AC29:AN29,2) -> 7632.2087 | AQ29: GSU
A30: Fort St Vrain - Winter | B30: 2 | C30: 206 | D30: 18 | E30: 6607 | F30: 8000 | G30: 8000 | H30: 8000 | I30: A63001 | J30: 232 | K30: 235.75 | L30: 17.55 | M30: NA | N30: 15200 | O30: 1250 | P30: =O30*S30 -> 16791.311 | Q30: 8000 | R30: 8000 | S30: =K30/L30 -> 13.433048 | T30: 1200 | U30: =T30*S30 -> 16119.658 | V30: =(J30*1000)/(SQRT(3)*L30) -> 7632.2087 | W30: 13537 | X30: NA | Y30: 569 | Z30: =AA30/S30 -> 491.84666 | AA30: =MIN(E30:H30,N30,P30:R30,U30:X30) -> 6607 | AB30: Generator | AC30: =E30 -> 6607 | AD30: =F30 -> 8000 | AE30: =G30 -> 8000 | AF30: =H30 -> 8000 | AG30: =N30 -> 15200 | AH30: =P30 -> 16791.311 | AI30: =Q30 -> 8000 | AJ30: =R30 -> 8000 | AK30: =U30 -> 16119.658 | AL30: =V30 -> 7632.2087 | AM30: =W30 -> 13537 | AN30: =X30 -> NA | AO30: =AP30/S30 -> 568.16654 | AP30: =SMALL(AC30:AN30,2) -> 7632.2087 | AQ30: GSU
A31: Fort St Vrain - Summer | B31: 3 | C31: 206 | D31: 18 | E31: 6607 | F31: 8000 | G31: 8000 | H31: 8000 | I31: A66301 | J31: 192.64 | K31: 235.75 | L31: 17.55 | M31: NA | N31: NA | O31: 1200 | P31: =O31*S31 -> 16119.658 | Q31: 8000 | R31: 8000 | S31: =K31/L31 -> 13.433048 | T31: 800 | U31: =T31*S31 -> 10746.439 | V31: 6335 | W31: 13537 | X31: NA | Y31: 472 | Z31: =AA31/S31 -> 471.59809 | AA31: =MIN(E31:H31,N31,P31:R31,U31:X31) -> 6335 | AB31: GSU | AC31: =E31 -> 6607 | AD31: =F31 -> 8000 | AE31: =G31 -> 8000 | AF31: =H31 -> 8000 | AG31: =N31 -> NA | AH31: =P31 -> 16119.658 | AI31: =Q31 -> 8000 | AJ31: =R31 -> 8000 | AK31: =U31 -> 10746.439 | AL31: =V31 -> 6335 | AM31: =W31 -> 13537 | AN31: =X31 -> NA | AO31: =AP31/S31 -> 491.84666 | AP31: =SMALL(AC31:AN31,2) -> 6607 | AQ31: Generator
A32: Fort St Vrain - Winter | B32: 3 | C32: 206 | D32: 18 | E32: 6607 | F32: 8000 | G32: 8000 | H32: 8000 | I32: A66301 | J32: 192.64 | K32: 235.75 | L32: 17.55 | M32: NA | N32: NA | O32: 1200 | P32: =O32*S32 -> 16119.658 | Q32: 8000 | R32: 8000 | S32: =K32/L32 -> 13.433048 | T32: 800 | U32: =T32*S32 -> 10746.439 | V32: 6335 | W32: 13537 | X32: NA | Y32: 472 | Z32: =AA32/S32 -> 471.59809 | AA32: =MIN(E32:H32,N32,P32:R32,U32:X32) -> 6335 | AB32: GSU | AC32: =E32 -> 6607 | AD32: =F32 -> 8000 | AE32: =G32 -> 8000 | AF32: =H32 -> 8000 | AG32: =N32 -> NA | AH32: =P32 -> 16119.658 | AI32: =Q32 -> 8000 | AJ32: =R32 -> 8000 | AK32: =U32 -> 10746.439 | AL32: =V32 -> 6335 | AM32: =W32 -> 13537 | AN32: =X32 -> NA | AO32: =AP32/S32 -> 491.84666 | AP32: =SMALL(AC32:AN32,2) -> 6607 | AQ32: Generator
A33: Fort St Vrain - Summer | B33: 4 | C33: 206 | D33: 18 | E33: 6706 | F33: 8000 | G33: 7000 | H33: 8000 | I33: A69801 | J33: 206 | K33: 235.75 | L33: 17.55 | M33: NA | N33: NA | O33: 550 | P33: =O33*S33 -> 7388.1766 | Q33: 8000 | R33: 8000 | S33: =K33/L33 -> 13.433048 | T33: 1200 | U33: =T33*S33 -> 16119.658 | V33: =(J33*1000)/(SQRT(3)*L33) -> 6776.875 | W33: 13537 | X33: NA | Y33: 505 | Z33: =AA33/S33 -> 499.21654 | AA33: =MIN(E33:H33,N33,P33:R33,U33:X33) -> 6706 | AB33: Generator | AC33: =E33 -> 6706 | AD33: =F33 -> 8000 | AE33: =G33 -> 7000 | AF33: =H33 -> 8000 | AG33: =N33 -> NA | AH33: =P33 -> 7388.1766 | AI33: =Q33 -> 8000 | AJ33: =R33 -> 8000 | AK33: =U33 -> 16119.658 | AL33: =V33 -> 6776.875 | AM33: =W33 -> 13537 | AN33: =X33 -> NA | AO33: =AP33/S33 -> 504.49271 | AP33: =SMALL(AC33:AN33,2) -> 6776.875 | AQ33: GSU
A34: Fort St Vrain - Winter | B34: 4 | C34: 206 | D34: 18 | E34: 6706 | F34: 8000 | G34: 7000 | H34: 8000 | I34: A69801 | J34: 206 | K34: 235.75 | L34: 17.55 | M34: NA | N34: NA | O34: 550 | P34: =O34*S34 -> 7388.1766 | Q34: 8000 | R34: 8000 | S34: =K34/L34 -> 13.433048 | T34: 1200 | U34: =T34*S34 -> 16119.658 | V34: =(J34*1000)/(SQRT(3)*L34) -> 6776.875 | W34: 13537 | X34: NA | Y34: 505 | Z34: =AA34/S34 -> 499.21654 | AA34: =MIN(E34:H34,N34,P34:R34,U34:X34) -> 6706 | AB34: Generator | AC34: =E34 -> 6706 | AD34: =F34 -> 8000 | AE34: =G34 -> 7000 | AF34: =H34 -> 8000 | AG34: =N34 -> NA | AH34: =P34 -> 7388.1766 | AI34: =Q34 -> 8000 | AJ34: =R34 -> 8000 | AK34: =U34 -> 16119.658 | AL34: =V34 -> 6776.875 | AM34: =W34 -> 13537 | AN34: =X34 -> NA | AO34: =AP34/S34 -> 504.49271 | AP34: =SMALL(AC34:AN34,2) -> 6776.875 | AQ34: GSU
A35: Fort St Vrain - Summer | B35: 5 | C35: 165 | D35: 18 | E35: 5292 | F35: 8000 | G35: 7000 | H35: 8000 | J35: 230 | K35: 241.5 | L35: 18 | M35: NA | N35: 7380 | O35: 800 | P35: =O35*S35 -> 10733.333 | Q35: 8000 | R35: 8000 | S35: =K35/L35 -> 13.416667 | T35: 800 | U35: =T35*S35 -> 10733.333 | V35: =(J35*1000)/(SQRT(3)*L35) -> 7377.2534 | W35: 11850 | X35: NA | Y35: 550 | Z35: =AA35/S35 -> 394.43478 | AA35: =MIN(E35:H35,N35,P35:R35,U35:X35) -> 5292 | AB35: Generator | AC35: =E35 -> 5292 | AD35: =F35 -> 8000 | AE35: =G35 -> 7000 | AF35: =H35 -> 8000 | AG35: =N35 -> 7380 | AH35: =P35 -> 10733.333 | AI35: =Q35 -> 8000 | AJ35: =R35 -> 8000 | AK35: =U35 -> 10733.333 | AL35: =V35 -> 7377.2534 | AM35: =W35 -> 11850 | AN35: =X35 -> NA | AO35: =AP35/S35 -> 521.73913 | AP35: =SMALL(AC35:AN35,2) -> 7000 | AQ35: Gen Bus
A36: Fort St Vrain - Winter | B36: 5 | C36: 165 | D36: 18 | E36: 5292 | F36: 8000 | G36: 7000 | H36: 8000 | J36: 230 | K36: 241.5 | L36: 18 | M36: NA | N36: 7380 | O36: 800 | P36: =O36*S36 -> 10733.333 | Q36: 8000 | R36: 8000 | S36: =K36/L36 -> 13.416667 | T36: 800 | U36: =T36*S36 -> 10733.333 | V36: =(J36*1000)/(SQRT(3)*L36) -> 7377.2534 | W36: 11850 | X36: NA | Y36: 550 | Z36: =AA36/S36 -> 394.43478 | AA36: =MIN(E36:H36,N36,P36:R36,U36:X36) -> 5292 | AB36: Generator | AC36: =E36 -> 5292 | AD36: =F36 -> 8000 | AE36: =G36 -> 7000 | AF36: =H36 -> 8000 | AG36: =N36 -> 7380 | AH36: =P36 -> 10733.333 | AI36: =Q36 -> 8000 | AJ36: =R36 -> 8000 | AK36: =U36 -> 10733.333 | AL36: =V36 -> 7377.2534 | AM36: =W36 -> 11850 | AN36: =X36 -> NA | AO36: =AP36/S36 -> 521.73913 | AP36: =SMALL(AC36:AN36,2) -> 7000 | AQ36: Gen Bus
A37: Fort St Vrain - Summer | B37: 6 | C37: 165 | D37: 18 | E37: 5292 | F37: 8000 | G37: 7000 | H37: 8000 | J37: 200 | K37: 235.75 | L37: 17.55 | M37: NA | N37: 8000 | O37: 600 | P37: =O37*S37 -> 8059.8291 | Q37: 8000 | R37: 8000 | S37: =K37/L37 -> 13.433048 | T37: 800 | U37: =T37*S37 -> 10746.439 | V37: 6580 | W37: 11859 | X37: NA | Y37: 490 | Z37: =AA37/S37 -> 393.95376 | AA37: =MIN(E37:H37,N37,P37:R37,U37:X37) -> 5292 | AB37: Generator | AC37: =E37 -> 5292 | AD37: =F37 -> 8000 | AE37: =G37 -> 7000 | AF37: =H37 -> 8000 | AG37: =N37 -> 8000 | AH37: =P37 -> 8059.8291 | AI37: =Q37 -> 8000 | AJ37: =R37 -> 8000 | AK37: =U37 -> 10746.439 | AL37: =V37 -> 6580 | AM37: =W37 -> 11859 | AN37: =X37 -> NA | AO37: =AP37/S37 -> 489.83669 | AP37: =SMALL(AC37:AN37,2) -> 6580 | AQ37: GSU
A38: Fort St Vrain - Winter | B38: 6 | C38: 165 | D38: 18 | E38: 5292 | F38: 8000 | G38: 7000 | H38: 8000 | J38: 200 | K38: 235.75 | L38: 17.55 | M38: NA | N38: 8000 | O38: 600 | P38: =O38*S38 -> 8059.8291 | Q38: 8000 | R38: 8000 | S38: =K38/L38 -> 13.433048 | T38: 800 | U38: =T38*S38 -> 10746.439 | V38: 6580 | W38: 11859 | X38: NA | Y38: 490 | Z38: =AA38/S38 -> 393.95376 | AA38: =MIN(E38:H38,N38,P38:R38,U38:X38) -> 5292 | AB38: Generator | AC38: =E38 -> 5292 | AD38: =F38 -> 8000 | AE38: =G38 -> 7000 | AF38: =H38 -> 8000 | AG38: =N38 -> 8000 | AH38: =P38 -> 8059.8291 | AI38: =Q38 -> 8000 | AJ38: =R38 -> 8000 | AK38: =U38 -> 10746.439 | AL38: =V38 -> 6580 | AM38: =W38 -> 11859 | AN38: =X38 -> NA | AO38: =AP38/S38 -> 489.83669 | AP38: =SMALL(AC38:AN38,2) -> 6580 | AQ38: GSU
A39: Ft Lupton - Summer | B39: 1 | C39: =42.75/0.9*0.94 -> 44.65 | D39: 13.8 | E39: =(C39*1000)/(SQRT(3)*D39) -> 1868.021 | F39: 4000 | G39: 3850 | H39: 3850 | I39: A45001 | J39: 123.2 | K39: 118.25 | L39: 13.2 | M39: NA | N39: NA | O39: NA | P39: NA | Q39: 3000 | R39: 4000 | S39: =K39/L39 -> 8.9583333 | T39: 867 | U39: =T39*S39 -> 7766.875 | V39: =(J39*1000)/(SQRT(3)*L39) -> 5388.6025 | W39: 10465 | X39: NA | Y39: NA | Z39: =AA39/S39 -> 208.52327 | AA39: =MIN(E39:H39,N39,P39:R39,U39:X39) -> 1868.021 | AB39: Generator | AC39: =E39 -> 1868.021 | AD39: =F39 -> 4000 | AE39: =G39 -> 3850 | AF39: =H39 -> 3850 | AG39: =N39 -> NA | AH39: =P39 -> NA | AI39: =Q39 -> 3000 | AJ39: =R39 -> 4000 | AK39: =U39 -> 7766.875 | AL39: =V39 -> 5388.6025 | AM39: =W39 -> 10465 | AN39: =X39 -> NA | AO39: =AP39/S39 -> 334.88372 | AP39: =SMALL(AC39:AN39,2) -> 3000 | AQ39: Gen Breaker
A40: Ft Lupton - Winter | B40: 1 | C40: =66.5/0.9*0.94 -> 69.455556 | D40: 13.8 | E40: =(C40*1000)/(SQRT(3)*D40) -> 2905.8104 | F40: 4000 | G40: 4632 | H40: 4632 | I40: A45001 | J40: 123.2 | K40: 118.25 | L40: 13.2 | M40: NA | N40: NA | O40: NA | P40: NA | Q40: 3000 | R40: 4000 | S40: =K40/L40 -> 8.9583333 | T40: 960 | U40: =T40*S40 -> 8600 | V40: =(J40*1000)/(SQRT(3)*L40) -> 5388.6025 | W40: 10465 | X40: NA | Y40: NA | Z40: =AA40/S40 -> 324.36953 | AA40: =MIN(E40:H40,N40,P40:R40,U40:X40) -> 2905.8104 | AB40: Generator | AC40: =E40 -> 2905.8104 | AD40: =F40 -> 4000 | AE40: =G40 -> 4632 | AF40: =H40 -> 4632 | AG40: =N40 -> NA | AH40: =P40 -> NA | AI40: =Q40 -> 3000 | AJ40: =R40 -> 4000 | AK40: =U40 -> 8600 | AL40: =V40 -> 5388.6025 | AM40: =W40 -> 10465 | AN40: =X40 -> NA | AO40: =AP40/S40 -> 334.88372 | AP40: =SMALL(AC40:AN40,2) -> 3000 | AQ40: Gen Breaker
A41: Ft Lupton - Summer | B41: 2 | C41: =42.75/0.9*0.94 -> 44.65 | D41: 13.8 | E41: =(C41*1000)/(SQRT(3)*D41) -> 1868.021 | F41: 4000 | G41: 3850 | H41: 3850 | I41: A45001 | J41: 123.2 | K41: 118.25 | L41: 13.2 | M41: NA | N41: NA | O41: NA | P41: NA | Q41: 3000 | R41: 4000 | S41: =K41/L41 -> 8.9583333 | T41: 867 | U41: =T41*S41 -> 7766.875 | V41: =(J41*1000)/(SQRT(3)*L41) -> 5388.6025 | W41: 10465 | X41: NA | Y41: NA | Z41: =AA41/S41 -> 208.52327 | AA41: =MIN(E41:H41,N41,P41:R41,U41:X41) -> 1868.021 | AB41: Generator | AC41: =E41 -> 1868.021 | AD41: =F41 -> 4000 | AE41: =G41 -> 3850 | AF41: =H41 -> 3850 | AG41: =N41 -> NA | AH41: =P41 -> NA | AI41: =Q41 -> 3000 | AJ41: =R41 -> 4000 | AK41: =U41 -> 7766.875 | AL41: =V41 -> 5388.6025 | AM41: =W41 -> 10465 | AN41: =X41 -> NA | AO41: =AP41/S41 -> 334.88372 | AP41: =SMALL(AC41:AN41,2) -> 3000 | AQ41: Gen Breaker
A42: Ft Lupton - Winter | B42: 2 | C42: =66.5/0.9*0.94 -> 69.455556 | D42: 13.8 | E42: =(C42*1000)/(SQRT(3)*D42) -> 2905.8104 | F42: 4000 | G42: 4632 | H42: 4632 | I42: A45001 | J42: 123.2 | K42: 118.25 | L42: 13.2 | M42: NA | N42: NA | O42: NA | P42: NA | Q42: 3000 | R42: 4000 | S42: =K42/L42 -> 8.9583333 | T42: 960 | U42: =T42*S42 -> 8600 | V42: =(J42*1000)/(SQRT(3)*L42) -> 5388.6025 | W42: 10465 | X42: NA | Y42: NA | Z42: =AA42/S42 -> 324.36953 | AA42: =MIN(E42:H42,N42,P42:R42,U42:X42) -> 2905.8104 | AB42: Generator | AC42: =E42 -> 2905.8104 | AD42: =F42 -> 4000 | AE42: =G42 -> 4632 | AF42: =H42 -> 4632 | AG42: =N42 -> NA | AH42: =P42 -> NA | AI42: =Q42 -> 3000 | AJ42: =R42 -> 4000 | AK42: =U42 -> 8600 | AL42: =V42 -> 5388.6025 | AM42: =W42 -> 10465 | AN42: =X42 -> NA | AO42: =AP42/S42 -> 334.88372 | AP42: =SMALL(AC42:AN42,2) -> 3000 | AQ42: Gen Breaker
A43: Ft Lupton GSU Summer | B43: C | C43: =C39+C41 -> 89.3 | D43: 13.8 | E43: =(C43*1000)/(SQRT(3)*D43) -> 3736.042 | F43: =SUM(F39,F41) -> 8000 | G43: 4626 | H43: =SUM(H39,H41) -> 7700 | I43: A45001 | J43: 123.2 | K43: 118.25 | L43: 13.2 | M43: NA | N43: NA | O43: NA | P43: NA | Q43: =SUM(Q39,Q41) -> 6000 | R43: =SUM(R39,R41) -> 8000 | S43: =K43/L43 -> 8.9583333 | T43: 867 | U43: =T43*S43 -> 7766.875 | V43: =(J43*1000)/(SQRT(3)*L43) -> 5388.6025 | W43: 10465 | X43: NA | Y43: 601.51842 | Z43: =AA43/S43 -> 417.04654 | AA43: =MIN(E43:H43,N43,P43:R43,U43:X43) -> 3736.042 | AB43: Generator | AC43: =E43 -> 3736.042 | AD43: =F43 -> 8000 | AE43: =G43 -> 4626 | AF43: =H43 -> 7700 | AG43: =N43 -> NA | AH43: =P43 -> NA | AI43: =Q43 -> 6000 | AJ43: =R43 -> 8000 | AK43: =U43 -> 7766.875 | AL43: =V43 -> 5388.6025 | AM43: =W43 -> 10465 | AN43: =X43 -> NA | AO43: =AP43/S43 -> 516.3907 | AP43: =SMALL(AC43:AN43,2) -> 4626 | AQ43: LS GSU Bus
A44: Ft Lupton GSU Winter | B44: C | C44: =C40+C42 -> 138.91111 | D44: 13.8 | E44: =(C44*1000)/(SQRT(3)*D44) -> 5811.6208 | F44: =SUM(F40,F42) -> 8000 | G44: 5577 | H44: =SUM(H40,H42) -> 9264 | I44: A45001 | J44: 123.2 | K44: 118.25 | L44: 13.2 | M44: NA | N44: NA | O44: NA | P44: NA | Q44: =SUM(Q40,Q42) -> 6000 | R44: =SUM(R40,R42) -> 8000 | S44: =K44/L44 -> 8.9583333 | T44: 960 | U44: =T44*S44 -> 8600 | V44: =(J44*1000)/(SQRT(3)*L44) -> 5388.6025 | W44: 10465 | X44: NA | Y44: 601.51842 | Z44: =AA44/S44 -> 601.51842 | AA44: =MIN(E44:H44,N44,P44:R44,U44:X44) -> 5388.6025 | AB44: Generator | AC44: =E44 -> 5811.6208 | AD44: =F44 -> 8000 | AE44: =G44 -> 5577 | AF44: =H44 -> 9264 | AG44: =N44 -> NA | AH44: =P44 -> NA | AI44: =Q44 -> 6000 | AJ44: =R44 -> 8000 | AK44: =U44 -> 8600 | AL44: =V44 -> 5388.6025 | AM44: =W44 -> 10465 | AN44: =X44 -> NA | AO44: =AP44/S44 -> 622.54884 | AP44: =SMALL(AC44:AN44,2) -> 5577 | AQ44: GSU
A45: Hayden | B45: 1 | C45: 202.656 | D45: 18 | E45: 6500 | F45: 7000 | G45: 6500 | H45: NA | I45: A62101 | J45: 235 | K45: 224.25 | L45: 17.1 | M45: NA | N45: NA | O45: 1200 | P45: =O45*S45 -> 15736.842 | Q45: NA | R45: NA | S45: =K45/L45 -> 13.114035 | T45: 900 | U45: =T45*S45 -> 11802.632 | V45: =(J45*1000)/(SQRT(3)*L45) -> 7934.3458 | W45: 13718 | X45: NA | Y45: 605 | Z45: =AA45/S45 -> 495.65217 | AA45: =MIN(E45:H45,N45,P45:R45,U45:X45) -> 6500 | AB45: Generator * | AC45: =E45 -> 6500 | AD45: =F45 -> 7000 | AE45: =G45 -> 6500 | AF45: =H45 -> NA | AG45: =N45 -> NA | AH45: =P45 -> 15736.842 | AI45: =Q45 -> NA | AJ45: =R45 -> NA | AK45: =U45 -> 11802.632 | AL45: =V45 -> 7934.3458 | AM45: =W45 -> 13718 | AN45: =X45 -> NA | AO45: =AP45/S45 -> 495.65217 | AP45: =SMALL(AC45:AN45,2) -> 6500 | AQ45: Gen Bus *
A46: Hayden | B46: 2 | C46: 306 | D46: 22 | E46: 8030 | F46: 10000 | G46: 9000 | H46: NA | I46: A59701 | J46: 306 | K46: 235.75 | L46: 22 | M46: NA | N46: NA | O46: 1000 | P46: =O46*S46 -> 10715.909 | Q46: NA | R46: NA | S46: =K46/L46 -> 10.715909 | T46: 800 | U46: =T46*S46 -> 8572.7273 | V46: 8030.4 | W46: 16543 | X46: NA | Y46: 749.4 | Z46: =AA46/S46 -> 749.35313 | AA46: =MIN(E46:H46,N46,P46:R46,U46:X46) -> 8030 | AB46: Generator * | AC46: =E46 -> 8030 | AD46: =F46 -> 10000 | AE46: =G46 -> 9000 | AF46: =H46 -> NA | AG46: =N46 -> NA | AH46: =P46 -> 10715.909 | AI46: =Q46 -> NA | AJ46: =R46 -> NA | AK46: =U46 -> 8572.7273 | AL46: =V46 -> 8030.4 | AM46: =W46 -> 16543 | AN46: =X46 -> NA | AO46: =AP46/S46 -> 749.39046 | AP46: =SMALL(AC46:AN46,2) -> 8030.4 | AQ46: GSU *
A47: ManChief - Summer | B47: 11 | C47: 150 | D47: 16 | E47: 5413 | F47: 8000 | G47: 8000 | H47: NA | J47: 200 | K47: 224.25 | L47: 15.2 | M47: NA | N47: 8000 | O47: 600 | P47: =O47*S47 -> 8851.9737 | Q47: NA | R47: NA | S47: =K47/L47 -> 14.753289 | T47: 500 | U47: =T47*S47 -> 7376.6447 | V47: =(J47*1000)/(SQRT(3)*L47) -> 7596.7141 | W47: 6400 | X47: NA | Y47: 515 | Z47: =AA47/S47 -> 366.90123 | AA47: =MIN(E47:H47,N47,P47:R47,U47:X47) -> 5413 | AB47: Generator | AC47: =E47 -> 5413 | AD47: =F47 -> 8000 | AE47: =G47 -> 8000 | AF47: =H47 -> NA | AG47: =N47 -> 8000 | AH47: =P47 -> 8851.9737 | AI47: =Q47 -> NA | AJ47: =R47 -> NA | AK47: =U47 -> 7376.6447 | AL47: =V47 -> 7596.7141 | AM47: =W47 -> 6400 | AN47: =X47 -> NA | AO47: =AP47/S47 -> 433.80156 | AP47: =SMALL(AC47:AN47,2) -> 6400 | AQ47: Relay Overcurrent
A48: ManChief - Winter | B48: 11 | C48: 150 | D48: 16 | E48: 5413 | F48: 8000 | G48: 8000 | H48: NA | J48: 200 | K48: 224.25 | L48: 15.2 | M48: NA | N48: 8000 | O48: 600 | P48: =O48*S48 -> 8851.9737 | Q48: NA | R48: NA | S48: =K48/L48 -> 14.753289 | T48: 500 | U48: =T48*S48 -> 7376.6447 | V48: =(J48*1000)/(SQRT(3)*L48) -> 7596.7141 | W48: 6400 | X48: NA | Y48: 515 | Z48: =AA48/S48 -> 366.90123 | AA48: =MIN(E48:H48,N48,P48:R48,U48:X48) -> 5413 | AB48: Generator | AC48: =E48 -> 5413 | AD48: =F48 -> 8000 | AE48: =G48 -> 8000 | AF48: =H48 -> NA | AG48: =N48 -> 8000 | AH48: =P48 -> 8851.9737 | AI48: =Q48 -> NA | AJ48: =R48 -> NA | AK48: =U48 -> 7376.6447 | AL48: =V48 -> 7596.7141 | AM48: =W48 -> 6400 | AN48: =X48 -> NA | AO48: =AP48/S48 -> 433.80156 | AP48: =SMALL(AC48:AN48,2) -> 6400 | AQ48: Relay Overcurrent
A49: ManChief - Summer | B49: 12 | C49: 150 | D49: 16 | E49: 5413 | F49: 8000 | G49: 8000 | H49: NA | J49: 200 | K49: 224.25 | L49: 15.2 | M49: NA | N49: 8000 | O49: 600 | P49: =O49*S49 -> 8851.9737 | Q49: NA | R49: NA | S49: =K49/L49 -> 14.753289 | T49: 500 | U49: =T49*S49 -> 7376.6447 | V49: =(J49*1000)/(SQRT(3)*L49) -> 7596.7141 | W49: 6400 | X49: NA | Y49: 515 | Z49: =AA49/S49 -> 366.90123 | AA49: =MIN(E49:H49,N49,P49:R49,U49:X49) -> 5413 | AB49: Generator | AC49: =E49 -> 5413 | AD49: =F49 -> 8000 | AE49: =G49 -> 8000 | AF49: =H49 -> NA | AG49: =N49 -> 8000 | AH49: =P49 -> 8851.9737 | AI49: =Q49 -> NA | AJ49: =R49 -> NA | AK49: =U49 -> 7376.6447 | AL49: =V49 -> 7596.7141 | AM49: =W49 -> 6400 | AN49: =X49 -> NA | AO49: =AP49/S49 -> 433.80156 | AP49: =SMALL(AC49:AN49,2) -> 6400 | AQ49: Relay Overcurrent
A50: ManChief - Winter | B50: 12 | C50: 150 | D50: 16 | E50: 5413 | F50: 8000 | G50: 8000 | H50: NA | J50: 200 | K50: 224.25 | L50: 15.2 | M50: NA | N50: 8000 | O50: 600 | P50: =O50*S50 -> 8851.9737 | Q50: NA | R50: NA | S50: =K50/L50 -> 14.753289 | T50: 500 | U50: =T50*S50 -> 7376.6447 | V50: =(J50*1000)/(SQRT(3)*L50) -> 7596.7141 | W50: 6400 | X50: NA | Y50: 515 | Z50: =AA50/S50 -> 366.90123 | AA50: =MIN(E50:H50,N50,P50:R50,U50:X50) -> 5413 | AB50: Generator | AC50: =E50 -> 5413 | AD50: =F50 -> 8000 | AE50: =G50 -> 8000 | AF50: =H50 -> NA | AG50: =N50 -> 8000 | AH50: =P50 -> 8851.9737 | AI50: =Q50 -> NA | AJ50: =R50 -> NA | AK50: =U50 -> 7376.6447 | AL50: =V50 -> 7596.7141 | AM50: =W50 -> 6400 | AN50: =X50 -> NA | AO50: =AP50/S50 -> 433.80156 | AP50: =SMALL(AC50:AN50,2) -> 6400 | AQ50: Relay Overcurrent
A51: ManChief Common - Summer | B51: C | C51: 300 | D51: 16 | E51: =SUM(E47,E49) -> 10826 | F51: =SUM(F47,F49) -> 16000 | G51: =SUM(G47,G49) -> 16000 | H51: NA | J51: 400 | K51: 224.25 | L51: 15.2 | M51: NA | N51: =SUM(N47,N49) -> 16000 | O51: =SUM(O47,O49) -> 1200 | P51: =O51*S51 -> 17703.947 | Q51: NA | R51: NA | S51: =K51/L51 -> 14.753289 | T51: 1200 | U51: =T51*S51 -> 17703.947 | V51: =(J51*1000)/(SQRT(3)*L51) -> 15193.428 | W51: =SUM(W47,W49) -> 12800 | X51: NA | Y51: NA | Z51: =AA51/S51 -> 733.80245 | AA51: =MIN(E51:H51,N51,P51:R51,U51:X51) -> 10826 | AB51: Generators | AC51: =E51 -> 10826 | AD51: =F51 -> 16000 | AE51: =G51 -> 16000 | AF51: =H51 -> NA | AG51: =N51 -> 16000 | AH51: =P51 -> 17703.947 | AI51: =Q51 -> NA | AJ51: =R51 -> NA | AK51: =U51 -> 17703.947 | AL51: =V51 -> 15193.428 | AM51: =W51 -> 12800 | AN51: =X51 -> NA | AO51: =AP51/S51 -> 867.60312 | AP51: =SMALL(AC51:AN51,2) -> 12800 | AQ51: Relay Overcurrent
A52: ManChief Common - Winter | B52: C | C52: 300 | D52: 16 | E52: =SUM(E48,E50) -> 10826 | F52: =SUM(F48,F50) -> 16000 | G52: =SUM(G48,G50) -> 16000 | H52: NA | J52: 400 | K52: 224.25 | L52: 15.2 | M52: NA | N52: =SUM(N48,N50) -> 16000 | O52: =SUM(O48,O50) -> 1200 | P52: =O52*S52 -> 17703.947 | Q52: NA | R52: NA | S52: =K52/L52 -> 14.753289 | T52: 1200 | U52: =T52*S52 -> 17703.947 | V52: =(J52*1000)/(SQRT(3)*L52) -> 15193.428 | W52: =SUM(W48,W50) -> 12800 | X52: NA | Y52: NA | Z52: =AA52/S52 -> 733.80245 | AA52: =MIN(E52:H52,N52,P52:R52,U52:X52) -> 10826 | AB52: Generators | AC52: =E52 -> 10826 | AD52: =F52 -> 16000 | AE52: =G52 -> 16000 | AF52: =H52 -> NA | AG52: =N52 -> 16000 | AH52: =P52 -> 17703.947 | AI52: =Q52 -> NA | AJ52: =R52 -> NA | AK52: =U52 -> 17703.947 | AL52: =V52 -> 15193.428 | AM52: =W52 -> 12800 | AN52: =X52 -> NA | AO52: =AP52/S52 -> 867.60312 | AP52: =SMALL(AC52:AN52,2) -> 12800 | AQ52: Relay Overcurrent
A53: Pawnee | B53: 1 | C53: 613.7 | D53: 22 | E53: 16105 | F53: 22000 | G53: 18000 | H53: NA | I53: A49001 A49101 | J53: 728 | K53: 230 | L53: 21 | M53: NA | N53: NA | O53: NA | P53: NA | Q53: NA | R53: NA | S53: =K53/L53 -> 10.952381 | T53: 1578 | U53: =T53*S53 -> 17282.857 | V53: =(J53*1000)/(SQRT(3)*L53) -> 20014.809 | W53: 33901 | X53: NA | Y53: =364000/230/SQRT(3)*2 -> 1827.4391 | Z53: =AA53/S53 -> 1470.4565 | AA53: =MIN(E53:H53,N53,P53:R53,U53:X53) -> 16105 | AB53: Generator | AC53: =E53 -> 16105 | AD53: =F53 -> 22000 | AE53: =G53 -> 18000 | AF53: =H53 -> NA | AG53: =N53 -> NA | AH53: =P53 -> NA | AI53: =Q53 -> NA | AJ53: =R53 -> NA | AK53: =U53 -> 17282.857 | AL53: =V53 -> 20014.809 | AM53: =W53 -> 33901 | AN53: =X53 -> NA | AO53: =AP53/S53 -> 1578 | AP53: =SMALL(AC53:AN53,2) -> 17282.857 | AQ53: Yard Conductor
A54: RMEC - Summer | B54: 1 | C54: 206 | D54: 15 | E54: 7929 | F54: 12000 | G54: 9000 | H54: 10500 | J54: 250 | K54: 237.8 | L54: 15 | M54: NA | N54: 12000 | O54: 1200 | P54: =O54*S54 -> 19024 | Q54: 10500 | R54: 12000 | S54: =K54/L54 -> 15.853333 | T54: 1240 | U54: =T54*S54 -> 19658.133 | V54: 9620 | W54: 15977 | X54: NA | Y54: 606 | Z54: =AA54/S54 -> 500.14718 | AA54: =MIN(E54:H54,N54,P54:R54,U54:X54) -> 7929 | AB54: Generator | AC54: =E54 -> 7929 | AD54: =F54 -> 12000 | AE54: =G54 -> 9000 | AF54: =H54 -> 10500 | AG54: =N54 -> 12000 | AH54: =P54 -> 19024 | AI54: =Q54 -> 10500 | AJ54: =R54 -> 12000 | AK54: =U54 -> 19658.133 | AL54: =V54 -> 9620 | AM54: =W54 -> 15977 | AN54: =X54 -> NA | AO54: =AP54/S54 -> 567.70395 | AP54: =SMALL(AC54:AN54,2) -> 9000 | AQ54: Gen Bus
A55: RMEC - Winter | B55: 1 | C55: 206 | D55: 15 | E55: 7929 | F55: 12000 | G55: 9000 | H55: 10500 | J55: 250 | K55: 237.8 | L55: 15 | M55: NA | N55: 12000 | O55: 1200 | P55: =O55*S55 -> 19024 | Q55: 10500 | R55: 12000 | S55: =K55/L55 -> 15.853333 | T55: 1484 | U55: =T55*S55 -> 23526.347 | V55: 9620 | W55: 15977 | X55: NA | Y55: 606 | Z55: =AA55/S55 -> 500.14718 | AA55: =MIN(E55:H55,N55,P55:R55,U55:X55) -> 7929 | AB55: Generator | AC55: =E55 -> 7929 | AD55: =F55 -> 12000 | AE55: =G55 -> 9000 | AF55: =H55 -> 10500 | AG55: =N55 -> 12000 | AH55: =P55 -> 19024 | AI55: =Q55 -> 10500 | AJ55: =R55 -> 12000 | AK55: =U55 -> 23526.347 | AL55: =V55 -> 9620 | AM55: =W55 -> 15977 | AN55: =X55 -> NA | AO55: =AP55/S55 -> 567.70395 | AP55: =SMALL(AC55:AN55,2) -> 9000 | AQ55: Gen Bus
A56: RMEC - Summer | B56: 2 | C56: 206 | D56: 15 | E56: 7929 | F56: 12000 | G56: 9000 | H56: 10500 | J56: 250 | K56: 237.8 | L56: 15 | M56: NA | N56: 12000 | O56: 1200 | P56: =O56*S56 -> 19024 | Q56: 10500 | R56: 12000 | S56: =K56/L56 -> 15.853333 | T56: 1240 | U56: =T56*S56 -> 19658.133 | V56: 9620 | W56: 15977 | X56: NA | Y56: 606 | Z56: =AA56/S56 -> 500.14718 | AA56: =MIN(E56:H56,N56,P56:R56,U56:X56) -> 7929 | AB56: Generator | AC56: =E56 -> 7929 | AD56: =F56 -> 12000 | AE56: =G56 -> 9000 | AF56: =H56 -> 10500 | AG56: =N56 -> 12000 | AH56: =P56 -> 19024 | AI56: =Q56 -> 10500 | AJ56: =R56 -> 12000 | AK56: =U56 -> 19658.133 | AL56: =V56 -> 9620 | AM56: =W56 -> 15977 | AN56: =X56 -> NA | AO56: =AP56/S56 -> 567.70395 | AP56: =SMALL(AC56:AN56,2) -> 9000 | AQ56: Gen Bus
A57: RMEC - Winter | B57: 2 | C57: 206 | D57: 15 | E57: 7929 | F57: 12000 | G57: 9000 | H57: 10500 | J57: 250 | K57: 237.8 | L57: 15 | M57: NA | N57: 12000 | O57: 1200 | P57: =O57*S57 -> 19024 | Q57: 10500 | R57: 12000 | S57: =K57/L57 -> 15.853333 | T57: 1484 | U57: =T57*S57 -> 23526.347 | V57: 9620 | W57: 15977 | X57: NA | Y57: 606 | Z57: =AA57/S57 -> 500.14718 | AA57: =MIN(E57:H57,N57,P57:R57,U57:X57) -> 7929 | AB57: Generator | AC57: =E57 -> 7929 | AD57: =F57 -> 12000 | AE57: =G57 -> 9000 | AF57: =H57 -> 10500 | AG57: =N57 -> 12000 | AH57: =P57 -> 19024 | AI57: =Q57 -> 10500 | AJ57: =R57 -> 12000 | AK57: =U57 -> 23526.347 | AL57: =V57 -> 9620 | AM57: =W57 -> 15977 | AN57: =X57 -> NA | AO57: =AP57/S57 -> 567.70395 | AP57: =SMALL(AC57:AN57,2) -> 9000 | AQ57: Gen Bus
A58: RMEC - Summer | B58: 3 | C58: 394 | D58: 23 | E58: 9890 | F58: 12000 | G58: 10000 | H58: NA | J58: 430 | K58: 243.6 | L58: 23 | M58: NA | N58: 12000 | O58: 1125 | P58: =O58*S58 -> 11915.217 | Q58: NA | R58: NA | S58: =K58/L58 -> 10.591304 | T58: 1240 | U58: =T58*S58 -> 13133.217 | V58: 10794 | W58: 20409 | X58: NA | Y58: 1019 | Z58: =AA58/S58 -> 933.78489 | AA58: =MIN(E58:H58,N58,P58:R58,U58:X58) -> 9890 | AB58: Generator | AC58: =E58 -> 9890 | AD58: =F58 -> 12000 | AE58: =G58 -> 10000 | AF58: =H58 -> NA | AG58: =N58 -> 12000 | AH58: =P58 -> 11915.217 | AI58: =Q58 -> NA | AJ58: =R58 -> NA | AK58: =U58 -> 13133.217 | AL58: =V58 -> 10794 | AM58: =W58 -> 20409 | AN58: =X58 -> NA | AO58: =AP58/S58 -> 944.17077 | AP58: =SMALL(AC58:AN58,2) -> 10000 | AQ58: Gen Bus
A59: RMEC - Winter | B59: 3 | C59: 394 | D59: 23 | E59: 9890 | F59: 12000 | G59: 10000 | H59: NA | J59: 430 | K59: 243.6 | L59: 23 | M59: NA | N59: 12000 | O59: 1125 | P59: =O59*S59 -> 11915.217 | Q59: NA | R59: NA | S59: =K59/L59 -> 10.591304 | T59: 1484 | U59: =T59*S59 -> 15717.496 | V59: 10794 | W59: 20409 | X59: NA | Y59: 1019 | Z59: =AA59/S59 -> 933.78489 | AA59: =MIN(E59:H59,N59,P59:R59,U59:X59) -> 9890 | AB59: Generator | AC59: =E59 -> 9890 | AD59: =F59 -> 12000 | AE59: =G59 -> 10000 | AF59: =H59 -> NA | AG59: =N59 -> 12000 | AH59: =P59 -> 11915.217 | AI59: =Q59 -> NA | AJ59: =R59 -> NA | AK59: =U59 -> 15717.496 | AL59: =V59 -> 10794 | AM59: =W59 -> 20409 | AN59: =X59 -> NA | AO59: =AP59/S59 -> 944.17077 | AP59: =SMALL(AC59:AN59,2) -> 10000 | AQ59: Gen Bus
A60: Valmont -Summer | B60: 6 | C60: =48.6/0.9*0.915 -> 49.41 | D60: 13.8 | E60: =(C60*1000)/(SQRT(3)*D60) -> 2067.165 | F60: 4000 | G60: 3000 | H60: 3000 | I60: A45701 | J60: 67.2 | K60: 115 | L60: 13.2 | M60: NA | N60: 3000 | O60: 600 | P60: =O60*S60 -> 5227.2727 | Q60: 3000 | R60: 4000 | S60: =K60/L60 -> 8.7121212 | T60: 300 | U60: =T60*S60 -> 2613.6364 | V60: =(J60*1000)/(SQRT(3)*L60) -> 2939.2377 | W60: 5922.5 | X60: NA | Y60: 337 | Z60: =AA60/S60 -> 237.27459 | AA60: =MIN(E60:H60,N60,P60:R60,U60:X60) -> 2067.165 | AB60: Generator | AC60: =E60 -> 2067.165 | AD60: =F60 -> 4000 | AE60: =G60 -> 3000 | AF60: =H60 -> 3000 | AG60: =N60 -> 3000 | AH60: =P60 -> 5227.2727 | AI60: =Q60 -> 3000 | AJ60: =R60 -> 4000 | AK60: =U60 -> 2613.6364 | AL60: =V60 -> 2939.2377 | AM60: =W60 -> 5922.5 | AN60: =X60 -> NA | AO60: =AP60/S60 -> 300 | AP60: =SMALL(AC60:AN60,2) -> 2613.6364 | AQ60: Yard Bkr CT
A61: Valmont - Winter | B61: 6 | C61: =73.5/0.9*0.915 -> 74.725 | D61: 13.8 | E61: =(C61*1000)/(SQRT(3)*D61) -> 3126.268 | F61: 4000 | G61: 3000 | H61: 3000 | I61: A45701 | J61: 67.2 | K61: 115 | L61: 13.2 | M61: NA | N61: 3000 | O61: 600 | P61: =O61*S61 -> 5227.2727 | Q61: 3000 | R61: 4000 | S61: =K61/L61 -> 8.7121212 | T61: 300 | U61: =T61*S61 -> 2613.6364 | V61: =(J61*1000)/(SQRT(3)*L61) -> 2939.2377 | W61: 5922.5 | X61: NA | Y61: 337 | Z61: =AA61/S61 -> 300 | AA61: =MIN(E61:H61,N61,P61:R61,U61:X61) -> 2613.6364 | AB61: Yard Bkr CT | AC61: =E61 -> 3126.268 | AD61: =F61 -> 4000 | AE61: =G61 -> 3000 | AF61: =H61 -> 3000 | AG61: =N61 -> 3000 | AH61: =P61 -> 5227.2727 | AI61: =Q61 -> 3000 | AJ61: =R61 -> 4000 | AK61: =U61 -> 2613.6364 | AL61: =V61 -> 2939.2377 | AM61: =W61 -> 5922.5 | AN61: =X61 -> NA | AO61: =AP61/S61 -> 337.37337 | AP61: =SMALL(AC61:AN61,2) -> 2939.2377 | AQ61: GSU
A62: Valmont-Summer | B62: 7 | C62: =(45/0.8)*0.915 -> 51.46875 | D62: 13.8 | E62: =(C62*1000)/(SQRT(3)*D62) -> 2153.2969 | F62: 3000 | G62: 2717 | H62: NA | J62: 50 | K62: 115 | L62: 13.2 | M62: NA | N62: 3000 | O62: 1200 | P62: =O62*S62 -> 10454.545 | Q62: 3000 | R62: 3000 | S62: =K62/L62 -> 8.7121212 | T62: ='[1]HS Calculations'!K191 -> 600 | U62: =T62*S62 -> 5227.2727 | V62: =(J62*1000)/(SQRT(3)*L62) -> 2186.9328 | W62: =630*S62 -> 5488.6364 | X62: NA | Y62: NA | Z62: =AA62/S62 -> 247.16103 | AA62: =MIN(E62:H62,N62,P62:R62,U62:X62) -> 2153.2969 | AB62: Generator | AC62: =E62 -> 2153.2969 | AD62: =F62 -> 3000 | AE62: =G62 -> 2717 | AF62: =H62 -> NA | AG62: =N62 -> 3000 | AH62: =P62 -> 10454.545 | AI62: =Q62 -> 3000 | AJ62: =R62 -> 3000 | AK62: =U62 -> 5227.2727 | AL62: =V62 -> 2186.9328 | AM62: =W62 -> 5488.6364 | AN62: =X62 -> NA | AO62: =AP62/S62 -> 251.02186 | AP62: =SMALL(AC62:AN62,2) -> 2186.9328 | AQ62: GSU
A63: Valmont-Winter | B63: 7 | C63: =(76.75/0.9)*0.915 -> 78.029167 | D63: 13.8 | E63: =(C63*1000)/(SQRT(3)*D63) -> 3264.5044 | F63: 3000 | G63: 3237 | H63: NA | J63: 50 | K63: 115 | L63: 13.2 | M63: NA | N63: 3000 | O63: 1200 | P63: =O63*S63 -> 10454.545 | Q63: 3000 | R63: 3000 | S63: =K63/L63 -> 8.7121212 | T63: ='[1]HS Calculations'!K191 -> 600 | U63: =T63*S63 -> 5227.2727 | V63: =(J63*1000)/(SQRT(3)*L63) -> 2186.9328 | W63: =630*S63 -> 5488.6364 | X63: NA | Y63: NA | Z63: =AA63/S63 -> 251.02186 | AA63: =MIN(E63:H63,N63,P63:R63,U63:X63) -> 2186.9328 | AB63: GSU | AC63: =E63 -> 3264.5044 | AD63: =F63 -> 3000 | AE63: =G63 -> 3237 | AF63: =H63 -> NA | AG63: =N63 -> 3000 | AH63: =P63 -> 10454.545 | AI63: =Q63 -> 3000 | AJ63: =R63 -> 3000 | AK63: =U63 -> 5227.2727 | AL63: =V63 -> 2186.9328 | AM63: =W63 -> 5488.6364 | AN63: =X63 -> NA | AO63: =AP63/S63 -> 344.34783 | AP63: =SMALL(AC63:AN63,2) -> 3000 | AQ63: Gen CT Amps*
A64: Valmont-Summer | B64: 8 | C64: =(45/0.8)*0.915 -> 51.46875 | D64: 13.8 | E64: =(C64*1000)/(SQRT(3)*D64) -> 2153.2969 | F64: 3000 | G64: 2717 | H64: NA | J64: 50 | K64: 115 | L64: 13.2 | M64: NA | N64: 3000 | O64: 1200 | P64: =O64*S64 -> 10454.545 | Q64: 3000 | R64: 3000 | S64: =K64/L64 -> 8.7121212 | T64: ='[1]HS Calculations'!K191 -> 600 | U64: =T64*S64 -> 5227.2727 | V64: =(J64*1000)/(SQRT(3)*L64) -> 2186.9328 | W64: =630*S64 -> 5488.6364 | X64: NA | Y64: NA | Z64: =AA64/S64 -> 247.16103 | AA64: =MIN(E64:H64,N64,P64:R64,U64:X64) -> 2153.2969 | AB64: Generator | AC64: =E64 -> 2153.2969 | AD64: =F64 -> 3000 | AE64: =G64 -> 2717 | AF64: =H64 -> NA | AG64: =N64 -> 3000 | AH64: =P64 -> 10454.545 | AI64: =Q64 -> 3000 | AJ64: =R64 -> 3000 | AK64: =U64 -> 5227.2727 | AL64: =V64 -> 2186.9328 | AM64: =W64 -> 5488.6364 | AN64: =X64 -> NA | AO64: =AP64/S64 -> 251.02186 | AP64: =SMALL(AC64:AN64,2) -> 2186.9328 | AQ64: GSU
A65: Valmont-Winter | B65: 8 | C65: =(76.75/0.9)*0.915 -> 78.029167 | D65: 13.8 | E65: =(C65*1000)/(SQRT(3)*D65) -> 3264.5044 | F65: 3000 | G65: 3237 | H65: NA | J65: 50 | K65: 115 | L65: 13.2 | M65: NA | N65: 3000 | O65: 1200 | P65: =O65*S65 -> 10454.545 | Q65: 3000 | R65: 3000 | S65: =K65/L65 -> 8.7121212 | T65: ='[1]HS Calculations'!K191 -> 600 | U65: =T65*S65 -> 5227.2727 | V65: =(J65*1000)/(SQRT(3)*L65) -> 2186.9328 | W65: =630*S65 -> 5488.6364 | X65: NA | Y65: NA | Z65: =AA65/S65 -> 251.02186 | AA65: =MIN(E65:H65,N65,P65:R65,U65:X65) -> 2186.9328 | AB65: GSU | AC65: =E65 -> 3264.5044 | AD65: =F65 -> 3000 | AE65: =G65 -> 3237 | AF65: =H65 -> NA | AG65: =N65 -> 3000 | AH65: =P65 -> 10454.545 | AI65: =Q65 -> 3000 | AJ65: =R65 -> 3000 | AK65: =U65 -> 5227.2727 | AL65: =V65 -> 2186.9328 | AM65: =W65 -> 5488.6364 | AN65: =X65 -> NA | AO65: =AP65/S65 -> 344.34783 | AP65: =SMALL(AC65:AN65,2) -> 3000 | AQ65: Gen CT Amps*
A66: Valmont 7&8 GSU-S | B66: C | C66: =SUM(C62,C64) -> 102.9375 | D66: 13.8 | E66: =(C66*1000)/(SQRT(3)*D66) -> 4306.5937 | F66: NA | G66: NA | H66: NA | J66: 100 | K66: 115 | L66: 13.2 | M66: NA | N66: NA | O66: 1199 | P66: =O66*S66 -> 10445.833 | Q66: NA | R66: NA | S66: =K66/L66 -> 8.7121212 | T66: ='[1]HS Calculations'!K191 -> 600 | U66: =T66*S66 -> 5227.2727 | V66: =(J66*1000)/(SQRT(3)*L66) -> 4373.8657 | W66: =630*S66 -> 5488.6364 | X66: NA | Y66: 502 | Z66: =AA66/S66 -> 494.32206 | AA66: =MIN(E66:H66,N66,P66:R66,U66:X66) -> 4306.5937 | AB66: Generators | AC66: =E66 -> 4306.5937 | AD66: =F66 -> NA | AE66: =G66 -> NA | AF66: =H66 -> NA | AG66: =N66 -> NA | AH66: =P66 -> 10445.833 | AI66: =Q66 -> NA | AJ66: =R66 -> NA | AK66: =U66 -> 5227.2727 | AL66: =V66 -> 4373.8657 | AM66: =W66 -> 5488.6364 | AN66: =X66 -> NA | AO66: =AP66/S66 -> 502.04371 | AP66: =SMALL(AC66:AN66,2) -> 4373.8657 | AQ66: GSU
A67: Valmont 7&8 GSU-W | B67: C | C67: =SUM(C63,C65) -> 156.05833 | D67: 13.8 | E67: =(C67*1000)/(SQRT(3)*D67) -> 6529.0088 | F67: NA | G67: NA | H67: NA | J67: 100 | K67: 115 | L67: 13.2 | M67: NA | N67: NA | O67: 1200 | P67: =O67*S67 -> 10454.545 | Q67: NA | R67: NA | S67: =K67/L67 -> 8.7121212 | T67: ='[1]HS Calculations'!K191 -> 600 | U67: =T67*S67 -> 5227.2727 | V67: =(J67*1000)/(SQRT(3)*L67) -> 4373.8657 | W67: =630*S67 -> 5488.6364 | X67: NA | Y67: 502 | Z67: =AA67/S67 -> 502.04371 | AA67: =MIN(E67:H67,N67,P67:R67,U67:X67) -> 4373.8657 | AB67: GSU | AC67: =E67 -> 6529.0088 | AD67: =F67 -> NA | AE67: =G67 -> NA | AF67: =H67 -> NA | AG67: =N67 -> NA | AH67: =P67 -> 10454.545 | AI67: =Q67 -> NA | AJ67: =R67 -> NA | AK67: =U67 -> 5227.2727 | AL67: =V67 -> 4373.8657 | AM67: =W67 -> 5488.6364 | AN67: =X67 -> NA | AO67: =AP67/S67 -> 600 | AP67: =SMALL(AC67:AN67,2) -> 5227.2727 | AQ67: Metering CT
V77: Date | W77: Revision | X77: Change
V78: 7/9/2025 | W78: 7-25 | X78: Reversion to date format
V79: 9/17/2024 | W79: 29.3 | X79: Change of gang switch at Manchief
A80: Methodology | B80: Refer to EPR 5.200 and EPR 5.220P01 | V80: 7/20/2024 | W80: 29.2 | X80: Updated Cherokee 2 MVA rating to match Synchronous condenser operation
A81: Generator | B81: Manufacturer nameplate value at rated coolant conditions, air cooled units use 104F for summer temperatures | V81: 7/20/2023 | W81: 29.1 | X81: Column added for GSU High Side ampacity nameplate data LS GSU TR Amps calculation constant changed to "SQRT(3)" instead of approximation, changed ratings highlighted Where nameplate ratings have been available for LS GSU TR Amps they have been provided. Set ratings for Valmont 6, Fort Lupton, and Alamosa to 104F summer temperature ratings. Fort lupton winter rating changed from peak capability to base Added ratings for Alamosa and Fort Lupton generator bus based on construction drawings and material. Set Rocky Mountain CT generator ampacity to manufacturer given ratings
B82: Winter ratings for air cooled CTs taken at 0F
A83: Isophase Bus | B83: Manufacturer nameplate value if available, else used generator current rating.
A84: Transformer | B84: Manufacturer nameplate value at 65° C rise or next highest rating given
B85: Generator ratings combined to rate shared GSU transformers or other shared equipment
A87: Limiting I Hi Side of GSU to Transmission | B87: Value is a combination of ES ratings and Subs Engineering Ratings as determined from rating demarcation agreement
A90: Notes
A91: Gray highlighted values are used to determine the limiting component. | V91: 4/4/2023 | W91: 29.0 | X91: Added summer and winter ratings for Valmont 7&8 Corrected Valmont 7&8 ratings for altitude
A92: Emergency ratings have not been supplied by Equipment Manufactures therefore, only normal ratings are used
A93: * Indicates multiple equipment at this rating.
A94: Diesel generators are included if they are part of a black start sequence | V94: 2/21/2023 | W94: 28.3 | X94: Comanche 1 has been retired and will not appear on later versions of this document. Retained here to indicate change. Updated Cabin creek to reflect isophase upgrade Relay Upgrade at Manchief changed trip set points
V97: 44787 | W97: 28.2 | X97: Removed Cherokee 4 derate
V98: 44764 | W98: 28.1 | X98: Temporary Cherokee 4 derate
V99: 44683 | W99: 28 | X99: Added ManChief Units 11 and 12
V100: 44537 | W100: 27 | X100: Revised facility ratings to reflect updated Foreign Utility Connections.xls spreadsheet.
V101: 44469 | W101: 26 | X101: Cherokee, Ft Lupton, Valmont, Comanche, Pawnee GSU HS ratings updated per Subs Engineering data (Foreign Utility Connections.xls spreadsheet)
V103: 44432 | W103: 25.2 | X103: Updated Blue Spruce breaker ratings. No change in limiting equipment ratings.
V104: 43980 | W104: 25.1 | X104: Removed "Future" tag from Valmont units 7, 8, and common.
V105: 43927 | W105: 25 | X105: Added Valmont units 7 and 8 to the spreadsheet. Updated CCH Unit A equipment changes.
V107: 43482 | W107: 24.1 | X107: Updated Cherokee Synchronous Condenser (unit 2) GSU tap postion [Note: corrected date stamp on 9/13/2019 to 1/17/2019]
V109: 43371 | W109: 24 | X109: Added a combined unit at BSP to standardize approach with Subs Engineering. Corrected typo for BSP1 winter rating 4" bus. Updated FSV5 and FSV6 relay trip info. Updated Comanche 3 value provided by Subs Engineering, Limiting and Next Most Limiting Elements changed.
V113: 43258 | W113: 23 | X113: Removed Valmont 5 as unit was retired. Updated FSV5 GSU ratio to correspond to tap change. Corrected typo in revision block for Rev 22 - Date corrected to 9/22/2017
V115: 43000 | W115: 22 | X115: Updated to reflect new relay settings at Alamosa, VAL 6, CHR 5,6 &7, COM 1,2, &3, FSV 1-4, FLP 1&2, PAW and RMEC. Corrected rounding error at FSV1. Corrected CT ratios at CHR7, FSV2, FSV5, HAY1-2, and RMEC3. Added a combined unit at FLP to standardize methodology with other regions.
... V158: 39237 | W158: 1 | X158: Origional Issue

Sheet E.S. Wind Farms
A1: PSCo Region Energy Supply Facility Equipment Ratings - Wind Farms
A2: Plant/Site | B2: Unit | C2: Unit Type | D2: Combined MVA | E2: Transformer HS kV | F2: Transformer LS kV | G2: Most Limiting Equipment | J2: Next Most Limiting Equipment
G3: HS of Xfmr Limiting Current | H3: LS of Xfmr Limiting Current | I3: Limiting Electrical Equipment | J3: HS of Xfmr Limiting Current | K3: LS of Xfmr Limiting Current | L3: Limiting Electrical Equipment
A6: Rush Creek 1 | B6: 1101A | C6: 34.5 kV Feeder | D6: ='E.S. Wind Farms'!H184 -> 27.08212 | E6: 345 | F6: 34.5 | G6: =H6*F6/E6 -> 45.321361 | H6: ='E.S. Wind Farms'!Q184 -> 453.21361 | I6: ='E.S. Wind Farms'!R184 -> Combined Equip MVA | J6: =K6*F6/E6 -> 47.32 | K6: ='E.S. Wind Farms'!S184 -> 473.2 | L6: ='E.S. Wind Farms'!T184 -> Underground Cable
B7: 1101B | C7: 34.5 kV Feeder | D7: ='E.S. Wind Farms'!H185 -> 20.8324 | E7: 345 | F7: 34.5 | G7: =H7*F7/E7 -> 34.862585 | H7: ='E.S. Wind Farms'!Q185 -> 348.62585 | I7: ='E.S. Wind Farms'!R185 -> Combined Equip MVA | J7: =K7*F7/E7 -> 36.15 | K7: ='E.S. Wind Farms'!S185 -> 361.5 | L7: ='E.S. Wind Farms'!T185 -> Underground Cable
B8: 1101 | C8: 34.5 kV Collector | D8: ='E.S. Wind Farms'!C217 -> 47.914521 | E8: 345 | F8: 34.5 | G8: =H8*F8/E8 -> 80.183946 | H8: ='E.S. Wind Farms'!V217 -> 801.83946 | I8: ='E.S. Wind Farms'!W217 -> Combined Equip MVA | J8: =K8*F8/E8 -> 120 | K8: ='E.S. Wind Farms'!X217 -> 1200 | L8: ='E.S. Wind Farms'!Y217 -> Reactor
B9: 1102A | C9: 34.5 kV Feeder | D9: ='E.S. Wind Farms'!H186 -> 27.379123 | E9: 345 | F9: 34.5 | G9: =H9*F9/E9 -> 45.818389 | H9: ='E.S. Wind Farms'!Q186 -> 458.18389 | I9: ='E.S. Wind Farms'!R186 -> Combined Equip MVA | J9: =K9*F9/E9 -> 46.84 | K9: ='E.S. Wind Farms'!S186 -> 468.4 | L9: ='E.S. Wind Farms'!T186 -> Underground Cable
B10: 1102B | C10: 34.5 kV Feeder | D10: ='E.S. Wind Farms'!H187 -> 27.379123 | E10: 345 | F10: 34.5 | G10: =H10*F10/E10 -> 45.818389 | H10: ='E.S. Wind Farms'!Q187 -> 458.18389 | I10: ='E.S. Wind Farms'!R187 -> Combined Equip MVA | J10: =K10*F10/E10 -> 46.84 | K10: ='E.S. Wind Farms'!S187 -> 468.4 | L10: ='E.S. Wind Farms'!T187 -> Underground Cable
B11: 1102 | C11: 34.5 kV Collector | D11: ='E.S. Wind Farms'!C218 -> 54.758247 | E11: 345 | F11: 34.5 | G11: =H11*F11/E11 -> 91.636778 | H11: ='E.S. Wind Farms'!V218 -> 916.36778 | I11: ='E.S. Wind Farms'!W218 -> Combined Equip MVA | J11: =K11*F11/E11 -> 120 | K11: ='E.S. Wind Farms'!X218 -> 1200 | L11: ='E.S. Wind Farms'!Y218 -> Reactor*
B12: 1103A | C12: 34.5 kV Feeder | D12: ='E.S. Wind Farms'!H188 -> 27.379123 | E12: 345 | F12: 34.5 | G12: =H12*F12/E12 -> 45.818389 | H12: ='E.S. Wind Farms'!Q188 -> 458.18389 | I12: ='E.S. Wind Farms'!R188 -> Combined Equip MVA | J12: =K12*F12/E12 -> 46.84 | K12: ='E.S. Wind Farms'!S188 -> 468.4 | L12: ='E.S. Wind Farms'!T188 -> Underground Cable
B13: 1103B | C13: 34.5 kV Feeder | D13: ='E.S. Wind Farms'!H189 -> 27.379123 | E13: 345 | F13: 34.5 | G13: =H13*F13/E13 -> 45.818389 | H13: ='E.S. Wind Farms'!Q189 -> 458.18389 | I13: ='E.S. Wind Farms'!R189 -> Combined Equip MVA | J13: =K13*F13/E13 -> 46.84 | K13: ='E.S. Wind Farms'!S189 -> 468.4 | L13: ='E.S. Wind Farms'!T189 -> Underground Cable
B14: 1103 | C14: 34.5 kV Collector | D14: ='E.S. Wind Farms'!C219 -> 54.758247 | E14: 345 | F14: 34.5 | G14: =H14*F14/E14 -> 91.636778 | H14: ='E.S. Wind Farms'!V219 -> 916.36778 | I14: ='E.S. Wind Farms'!W219 -> Combined Equip MVA | J14: =K14*F14/E14 -> 120 | K14: ='E.S. Wind Farms'!X219 -> 1200 | L14: ='E.S. Wind Farms'!Y219 -> Reactor*
B15: 1104A | C15: 34.5 kV Feeder | D15: ='E.S. Wind Farms'!H190 -> 27.379123 | E15: 345 | F15: 34.5 | G15: =H15*F15/E15 -> 45.818389 | H15: ='E.S. Wind Farms'!Q190 -> 458.18389 | I15: ='E.S. Wind Farms'!R190 -> Combined Equip MVA | J15: =K15*F15/E15 -> 46.84 | K15: ='E.S. Wind Farms'!S190 -> 468.4 | L15: ='E.S. Wind Farms'!T190 -> Underground Cable
B16: 1104B | C16: 34.5 kV Feeder | D16: ='E.S. Wind Farms'!H191 -> 27.379123 | E16: 345 | F16: 34.5 | G16: =H16*F16/E16 -> 45.818389 | H16: ='E.S. Wind Farms'!Q191 -> 458.18389 | I16: ='E.S. Wind Farms'!R191 -> Combined Equip MVA | J16: =K16*F16/E16 -> 46.84 | K16: ='E.S. Wind Farms'!S191 -> 468.4 | L16: ='E.S. Wind Farms'!T191 -> Underground Cable
B17: 1104 | C17: 34.5 kV Collector | D17: ='E.S. Wind Farms'!C220 -> 54.758247 | E17: 345 | F17: 34.5 | G17: =H17*F17/E17 -> 91.636778 | H17: ='E.S. Wind Farms'!V220 -> 916.36778 | I17: ='E.S. Wind Farms'!W220 -> Combined Equip MVA | J17: =K17*F17/E17 -> 120 | K17: ='E.S. Wind Farms'!X220 -> 1200 | L17: ='E.S. Wind Farms'!Y220 -> Reactor*
